smiles,zinc_id,mw,xlogp,source_file,max_similarity_to_positive,matched_positive_smiles
NCC(=O)N[C@@H](CC(N)=O)C(=O)O,1813010,189.171,-2.61,AAAA.txt,0.25,C(C(=O)N)F
NCc1nnc2c(=O)[nH]ccn12,409422482,165.156,-1.124,AAAA.txt,0.18604651162790697,C1=NNC(=O)C(=C1N)Cl
COC(=O)[C@@]1(O)CNCC[C@@H]1O,2325901403,175.184,-1.755,AAAA.txt,0.22,COC(=O)C1=C(C(=NC(=N1)C2CC2)N)Cl
O=S1(=O)NCCN1,38915835,122.149,-1.576,AAAA.txt,0.2,C1CNC(=O)NC1
NCCN1CCNC1=O,164791,129.163,-1.03,AAAA.txt,0.2571428571428571,C1CN(C(=S)N1)C(=S)N
NN1CCS(=O)(=O)CC1,38343229,150.203,-1.41,AAAA.txt,0.19047619047619047,CN1CCCC1
O=C(CO)N1CCNCC1,34978177,144.174,-1.59,AAAA.txt,0.18518518518518517,CCC(=O)[O-].CCC(=O)[O-].[Ca+2]
NC(=O)[C@H]1NC(=O)NC1=O,5023875,143.102,-2.32,AAAA.txt,0.25806451612903225,C1C2C(CC(C1O)O)C(=O)NC2=O
O=C(O)[C@H]1CS(=O)(=O)CCN1,14766378,179.197,-1.542,AAAA.txt,0.19444444444444445,C1C=CCC(C1C(=O)N)C(=O)O
CN1C[C@H](N)[C@H](O)C1,34278489,116.164,-1.38,AAAA.txt,0.21739130434782608,CN1CCCC1
N[C@@H]1COC[C@@H]1n1cc(C(=O)O)nn1,1857778997,198.182,-1.125,AAAA.txt,0.1956521739130435,C1CC(=C(C1O)C(=O)O)N
NCc1nnc2n1CCNC2=O,585139318,167.172,-1.52,AAAA.txt,0.21428571428571427,C1CN(C(=S)N1)C(=S)N
NC(=O)Cn1cc(N)cn1,19810519,140.146,-1.049,AAAA.txt,0.2702702702702703,C1=NN(C=N1)CC(=O)O
C[C@@](N)(CO)C(=O)O,901265,119.12,-1.219,AAAA.txt,0.2857142857142857,C(=O)(C(F)(F)F)O
CS(=O)(=O)NC1CNC1,83119925,150.203,-1.493,AAAA.txt,0.1935483870967742,CC1CNC(=S)N1
CS(=O)(=O)c1nnn[nH]1,12371836,148.147,-1.397,AAAA.txt,0.20930232558139536,C1=CC(=C(C(=C1)F)NS(=O)(=O)C2=NC=NN2)F
NCCCN1C(=O)CNC1=O,22170999,157.173,-1.113,AAAA.txt,0.23076923076923078,C(CCCCN)CCCN
CN1CCn2c(CCN)nnc2C1=O,585139359,195.226,-1.135,AAAA.txt,0.23076923076923078,CN1CCCC1=O
OC[C@@H]1C[C@H](O)CN1,12362901,117.148,-1.299,AAAA.txt,0.1935483870967742,C1C2C(CC(C1O)O)C(=O)NC2=O
OCCNc1nc(O)nc(O)n1,13529042,172.144,-1.313,AAAA.txt,0.24242424242424243,CCNC1=NC(=NC(=N1)OC)NCC
C[C@@H]1OC(=O)[C@H](O)[C@H]1O,13435797,132.115,-1.347,AAAA.txt,0.23684210526315788,CC1C(=O)N(C(=O)O1)C2=CC=C(C=C2)O
N=C(N)N1CCN(C=O)CC1,14607243,156.189,-1.346,AAAA.txt,0.22727272727272727,C(=N)(N)N
NCC(=O)N1CCC(C(N)=O)CC1,11956795,185.227,-1.331,AAAA.txt,0.2222222222222222,C1C=CCC(C1C(=O)N)C(=O)O
O=c1[nH]cc(N2CCNCC2)c(=O)[nH]1,45951813,196.21,-1.527,AAAA.txt,0.20689655172413793,C1(=O)NC(=O)NC(=O)N1
OC[C@@H]1NC[C@H](O)[C@@H](O)[C@@H]1O,3870514,163.173,-2.967,AAAA.txt,0.2647058823529412,C1[C@H]([C@@H]([C@@H](C(O1)(CO)O)O)O)O
NCCCNS(N)(=O)=O,19487844,153.207,-1.872,AAAA.txt,0.3,C(CCCCN)CCCN
O=C(O)C(=O)C[C@@H](O)[C@H](O)CO,1532569,178.14,-2.256,AAAA.txt,0.2692307692307692,C(O)[P+](CO)(CO)CO.C(O)[P+](CO)(CO)CO.[O-]S(=O)(=O)[O-]
NC(=O)C1(N)CNC1,34437012,115.136,-2.228,AAAA.txt,0.2777777777777778,C(=O)(N)N
NCCS(=O)(=O)N1CCNCC1,12363383,193.272,-1.82,AAAA.txt,0.15384615384615385,C1CN(C(=S)N1)C(=S)N
COCC(=O)NC1CNC1,78737805,144.174,-1.279,AAAA.txt,0.2564102564102564,CNC(=O)CSP(=O)(OC)OC
NC(=O)CC1(N)COC1,82238086,130.147,-1.411,AAAA.txt,0.2916666666666667,C(C(=O)N)F
CC(=O)[C@@H](O)[C@H](O)CO,3869506,134.131,-1.711,AAAA.txt,0.2727272727272727,C[C@@H](C(=O)O)O
NCc1c(O)nc(=O)n2c1COCC2,1857783020,197.194,-1.062,AAAA.txt,0.2,C1COCCN1CN2CCOCC2
C[C@@](N)(CN)C(=O)O,34732614,118.136,-1.253,AAAA.txt,0.2857142857142857,C(=O)(C(F)(F)F)O
CCOC(=O)C1=C(N)CC(=O)NC1=O,8637459,198.178,-1.191,AAAA.txt,0.28846153846153844,CCOC(=O)C1=NOC(C1)(C2=CC=CC=C2)C3=CC=CC=C3
O=C(O)[C@@H]1C[C@@H](P(=O)(O)O)CN1,206240649,195.111,-1.021,AAAA.txt,0.2413793103448276,CP(=O)(C(=O)O)O
CS(=O)(=O)CS(=O)(=O)O,39647980,174.199,-1.124,AAAA.txt,0.2631578947368421,C(=O)(N)N.OS(=O)(=O)O
O=C(O)CNC(CO)(CO)CO,1587260,179.172,-2.624,AAAA.txt,0.2727272727272727,C(C(=O)O)NCP(=O)(O)[O-].C(C(=O)O)NCP(=O)([O-])[O-].[Na+].[Na+].[Na+]
NC(=O)[C@H](N)[C@@H]1CCCO1,98210148,144.174,-1.022,AAAA.txt,0.2,C(=O)(N)N
Nc1nc(=O)c(C[C@H](N)C(=O)O)c[nH]1,34076432,198.182,-1.694,AAAA.txt,0.2826086956521739,C1=NN(C=N1)CC(C(=O)O)N
NC(=O)c1ncc[nH]c1=O,8657,139.114,-1.131,AAAA.txt,0.23684210526315788,C1=CC=C2C(=C1)C(=O)NC=N2
COC(=O)[C@H](N)CCCNC(=N)N,2526291,188.231,-1.25,AAAA.txt,0.2608695652173913,CCCOC(=O)NCCCN(C)C.Cl
NS(=O)(=O)C1(CO)CC1,219280554,151.187,-1.2,AAAA.txt,0.24,C(O)[P+](CO)(CO)CO.C(O)[P+](CO)(CO)CO.[O-]S(=O)(=O)[O-]
NC1CC2(C1)NC(=O)NC2=O,687730214,155.157,-1.314,AAAA.txt,0.21875,C1C=CCC2C1C(=O)NC2=O
O=C1CO[C@@]2(CCNC2)CN1,116025342,156.185,-1.135,AAAA.txt,0.21875,C1CNC(=O)NC1
COC(=O)[C@H]1C[C@@H](N)CS1(=O)=O,257871433,193.224,-1.326,AAAA.txt,0.20930232558139536,CC1CC(CCC1C(=O)OC(C)(C)C)Cl
O[C@H]1O[C@H]2CO[C@@H]([C@H]1O)[C@@H]2O,36475235,162.141,-2.176,AAAA.txt,0.20833333333333334,CC1CO1
OC[C@H]1NC[C@H](O)[C@H](O)[C@@H]1O,13601807,163.173,-2.967,AAAA.txt,0.2647058823529412,C1[C@H]([C@@H]([C@@H](C(O1)(CO)O)O)O)O
O[C@H]1CNC[C@@H]1N1CCOCC1,23094267,172.228,-1.349,AAAA.txt,0.26666666666666666,C1COCCN1CN2CCOCC2
NC(=O)N1CCN2C(=O)NC(=O)[C@H]2C1,57218591,198.182,-1.699,AAAA.txt,0.23684210526315788,C1C2C(CC(C1O)O)C(=O)NC2=O
NCCC(CO)CO,20216473,119.164,-1.064,AAAA.txt,0.2222222222222222,C(CCCCN)CCCN
CNS(=O)(=O)[C@H](C)CN,82631873,152.219,-1.117,AAAA.txt,0.2608695652173913,CCC(C)N
O=C1NCCN1C1CNC1,23903561,141.174,-1.017,AAAA.txt,0.25,C1CNC(=O)NC1
NCc1nnc2n1C[C@@H](C(=O)O)C2,1775954893,182.183,-1.006,AAAA.txt,0.27906976744186046,CCC(=O)C1C(=O)CC(CC1=O)C(=O)O
Cn1ncn(N)c1=O,32136662,114.108,-1.704,AAAA.txt,0.2857142857142857,CN1C=NC2=C1C(=O)N(C(=O)N2C)C
NC[C@@H](N)CC(=O)O,40448670,118.136,-1.253,AAAA.txt,0.2727272727272727,CC(C)N.C(C(=O)O)NCP(=O)(O)O
O=C(O)[C@H]1NCC[C@@H]1O,4096639,131.131,-1.206,AAAA.txt,0.24242424242424243,C1CC(=C(C1O)C(=O)O)N
NC(=O)CN1C[C@H](O)CC1=O,1536077,158.157,-1.935,AAAA.txt,0.23333333333333334,C(C(=O)N)F
O=C(O)CNC(=O)[C@@H]1CCC(=O)N1,4899615,186.167,-1.534,AAAA.txt,0.23529411764705882,C1=CN=CC(=C1C(F)(F)F)C(=O)NCC(=O)O
C[C@@H]1OC(=O)[C@H](O)[C@H](O)[C@H]1O,13549741,162.141,-1.986,AAAA.txt,0.23076923076923078,CC1C(=O)N(C(=O)O1)C2=CC=C(C=C2)O
O=S1(=O)CCNC[C@H]1CO,211497543,165.214,-1.635,AAAA.txt,0.14705882352941177,C(N1C2C(N(C1=O)CO)N(C(=O)N2CO)CO)O
CS(=O)(=O)CCN1CCNCC1,19850747,192.284,-1.064,AAAA.txt,0.20512820512820512,CS(=O)(=O)CN1C(=O)C2=CC=CC=C2C1=O
NC(=O)[C@@H]1[C@H](N)[C@H]2C=C[C@H]1O2,242677142,154.169,-1.248,AAAA.txt,0.23529411764705882,C1C=CCC(C1C(=O)N)C(=O)O
O=C(O)C1=C[C@@H](O)[C@@H](O)[C@H](O)C1,3860720,174.152,-1.516,AAAA.txt,0.2571428571428571,C1CC(=C(C1O)C(=O)O)N
CS(=O)(=O)N1CCN(N)CC1,39114168,179.245,-1.563,AAAA.txt,0.21212121212121213,CC1=NNC(=O)N(C1)N
NC1(CO)COC1,83267223,103.121,-1.294,AAAA.txt,0.21875,C1[C@H]([C@@H]([C@@H](C(O1)(CO)O)O)O)O
CS(=O)(=O)N1CC[C@](O)(CN)C1,685950240,194.256,-1.659,AAAA.txt,0.1590909090909091,CS(=O)(=O)CN1C(=O)C2=CC=CC=C2C1=O
COC(=O)/C=C1/NCCNC1=O,100024921,170.168,-1.237,AAAA.txt,0.25,C/C(=C/C(=O)OC)/OP(=O)(OC)OC
N[C@@]1(C(=O)O)CCNC1,20286389,130.147,-1.238,AAAA.txt,0.20689655172413793,C1CCC(=C(C1)C(=O)O)C(=O)O
CC(=O)NCC(=O)NCC(=O)O,1721185,174.156,-1.677,AAAA.txt,0.2857142857142857,C[S+](C)C.C(C(=O)O)NCP(=O)(O)[O-]
Nc1nc(=O)[nH]cc1CO,399529,141.13,-1.156,AAAA.txt,0.2702702702702703,C1=C(N=C(NC1=O)N)O
n1nc(Nc2nn[nH]n2)n[nH]1,4575351,153.109,-1.544,AAAA.txt,0.15151515151515152,CC1=NC(=NC(=O)N1)NC
O=c1[nH]c(=O)c2nccn2[nH]1,200519911,152.113,-1.289,AAAA.txt,0.24324324324324326,CC(C)(C)C1=NNC(=O)NC1=O
NC(=O)[C@H]1CCN1,13375224,100.121,-1.166,AAAA.txt,0.2777777777777778,C(=O)(N)N
NN1CC(O)C1,107114185,88.11,-1.463,AAAA.txt,0.1724137931034483,C1CC(=C(C1O)C(=O)O)N
NC[C@@H]1COC[C@@H]1O,76570828,117.148,-1.048,AAAA.txt,0.24242424242424243,C1[C@H]([C@@H]([C@@H](C(O1)(CO)O)O)O)O
COB1OB(OC)OB(OC)O1,169743022,173.535,-1.056,AAAA.txt,0.15,COP(=S)(O)OC
O=C1CNC(=S)N1,1089842,116.145,-1.009,AAAA.txt,0.25,CC1CNC(=S)N1
NC(=O)C[C@]1(O)CCCNC1,215369758,158.201,-1.024,AAAA.txt,0.23333333333333334,C(C(=O)N)F
OC[C@H]1CNC[C@@H](O)[C@@H]1O,3813668,147.174,-2.08,AAAA.txt,0.22857142857142856,C1[C@H]([C@@H]([C@@H](C(O1)(CO)O)O)O)O
O=S1(=O)CCN[C@H](CCO)C1,94512657,179.241,-1.245,AAAA.txt,0.15151515151515152,C1N(CN(CN1CCO)CCO)CCO
CN1CCN(C(=O)CN)CC1,4240492,157.217,-1.281,AAAA.txt,0.2916666666666667,CN1CCCC1
O=C1NCCN[C@H]1CCO,19090523,144.174,-1.543,AAAA.txt,0.23529411764705882,C1C2C(CC(C1O)O)C(=O)NC2=O
NC(=O)c1cc(C(N)=O)[nH]n1,95830521,154.129,-1.393,AAAA.txt,0.25,C1=CC(=C(C=C1C(=O)N)Br)O
O=C(O)[C@H]1NCCN[C@@H]1C(=O)O,19366540,174.156,-1.914,AAAA.txt,0.25,C1C=CCC(C1C(=O)N)C(=O)O
N[C@H]1COC1=O,33369666,87.078,-1.13,AAAA.txt,0.2857142857142857,CCC1COC(=O)O1
O=C1NCCN[C@@H]1CCO,19090526,144.174,-1.543,AAAA.txt,0.23529411764705882,C1C2C(CC(C1O)O)C(=O)NC2=O
CC(C)(CO)[C@@H](O)C(=O)NCCO,1599739,191.227,-1.526,AAAA.txt,0.21052631578947367,COC1=C(C=CC(=C1)CCNC(=O)C(C2=CC=C(C=C2)Cl)O)O
N[C@H]1C[C@@H](O)C[C@H]1N,104646206,116.164,-1.204,AAAA.txt,0.2,C1C2C(CC(C1O)O)C(=O)NC2=O
C[C@H](CN)S(N)(=O)=O,82631470,138.192,-1.378,AAAA.txt,0.3,CCC(C)N
O=C(O)[C@@H]1NCCNC1=O,15442539,144.13,-1.841,AAAA.txt,0.25,C1CNC(=O)NC1
C1Cn2nnnc2CN1,84253565,125.135,-1.224,AAAA.txt,0.15384615384615385,C1CN(C(=S)N1)C(=S)N
N=C(N)NCCS(=O)(=O)O,4095756,167.19,-1.643,AAAA.txt,0.2916666666666667,C(=O)(N)N.OS(=O)(=O)O
O=C(O)[C@@H]1NC[C@H]2CNC[C@H]21,117667530,156.185,-1.122,AAAA.txt,0.19444444444444445,C1C=CCC(C1C(=O)N)C(=O)O
Cn1cnnc1C[C@H](N)C(N)=O,690905185,169.188,-1.83,AAAA.txt,0.26666666666666666,C1=NN(C=N1)CC(C(=O)O)N
N[C@@H]1C[C@H](CO)NC1=O,215038950,130.147,-1.806,AAAA.txt,0.28125,C1C2C(CC(C1O)O)C(=O)NC2=O
CN1CCN([C@H]2COC[C@@H]2N)CC1,29866061,185.271,-1.04,AAAA.txt,0.25925925925925924,CN1CCCC1
CN[C@H]1CS(=O)(=O)C[C@H]1O,3866013,165.214,-1.636,AAAA.txt,0.18181818181818182,C1C2C(CC(C1O)O)C(=O)NC2=O
[BH3-]c1n(C)cc[n+]1C,2382312004,109.969,-2.16,AAAA.txt,0.23076923076923078,C[N+]1=CC=C(C=C1)C2=CC=[N+](C=C2)C
NCC(N)(CO)CO,19369393,120.152,-2.373,AAAA.txt,0.16666666666666666,C(CCCCN)CCCN
CO[C@@H]1O[C@@H](OC)[C@@H](O)[C@@H]1O,4578984,164.157,-1.317,AAAA.txt,0.2647058823529412,C(C1[C@H]([C@H](C([C@H](O1)O[C@H]2[C@H](C([C@H](OC2CO)O)O)O)O)O)O)O
NCCC1(O)CNC1,85923898,116.164,-1.331,AAAA.txt,0.18181818181818182,C(CCCCN)CCCN
O=C([C@H](O)CO)[C@H](O)[C@@H](O)CO,4095649,180.156,-3.377,AAAA.txt,0.23076923076923078,C(O)[P+](CO)(CO)CO.C(O)[P+](CO)(CO)CO.[O-]S(=O)(=O)[O-]
N[C@@H]1CCC(=O)NC1=O,5133397,128.131,-1.25,AAAA.txt,0.27586206896551724,C1C=CCC2C1C(=O)NC2=O
O=S(=O)(O)CCO,3875755,126.133,-1.134,AAAA.txt,0.2857142857142857,C(O)[P+](CO)(CO)CO.C(O)[P+](CO)(CO)CO.[O-]S(=O)(=O)[O-]
COC(=O)[C@@H]1NCC[C@H](O)[C@@H]1O,1857779336,175.184,-1.757,AAAA.txt,0.20930232558139536,CC1CC(CCC1C(=O)OC(C)(C)C)Cl
NC1CNC1,19361604,72.111,-1.083,AAAA.txt,0.21739130434782608,CC1CNC(=S)N1
NCC(CN)OS(=O)(=O)O,36372536,170.19,-1.908,AAAA.txt,0.2727272727272727,C(=O)(N)N.OS(=O)(=O)O
COC(=O)[C@@H]1C[C@@H](O)C(=O)N1,100047348,159.141,-1.591,AAAA.txt,0.29411764705882354,C1C2C(CC(C1O)O)C(=O)NC2=O
O=C1CO[C@]2(CCNC2)CN1,116025345,156.185,-1.135,AAAA.txt,0.21875,C1CNC(=O)NC1
O=C(O)[C@H]1CC(=O)N(C2CNC2)C1,107130079,184.195,-1.109,AAAA.txt,0.3,CCC(=O)C1C(=O)CC(CC1=O)C(=O)O
O=BOB1OB(OB(O)O)O1,257354823,157.257,-3.03,AAAA.txt,0.12244897959183673,B1(OCCC(O1)C)OCCC(C)OB2OCCC(O2)C
COC(=O)C(CN)CN,77031869,132.163,-1.307,AAAA.txt,0.26666666666666666,CCCCCCCCCC(=O)OC
O=C1C[C@@H](CO)N1,39246806,101.105,-1.133,AAAA.txt,0.25925925925925924,C(N1C2C(N(C1=O)CO)N(C(=O)N2CO)CO)O
CC(=O)CN1C(=O)COCC1=O,50131246,171.152,-1.039,AAAA.txt,0.23214285714285715,C1CCC2=C(C1)C(=O)N(C2=O)C3=C(C=C4C(=C3)N(C(=O)CO4)CCC(=O)O)F
COC(=O)[C@@H]1CNC(=O)N1,39074107,144.13,-1.159,AAAA.txt,0.22857142857142856,CC1CNC(=S)N1
CS(=O)(=O)CC[C@@H](N)C(N)=O,19436460,180.229,-1.766,AAAA.txt,0.2916666666666667,C(=O)(N)N.OS(=O)(=O)O
O=C(O)[C@@H]1C[C@H](O)CN1,901736,131.131,-1.206,AAAA.txt,0.22580645161290322,C1C2C(CC(C1O)O)C(=O)NC2=O
Nc1ccn(C[C@H](O)CO)c(=O)n1,15085315,185.183,-1.821,AAAA.txt,0.2222222222222222,C1=CC(=C(C=C1Cl)Cl)C(CN2C=CN=C2)O
OC[C@@H]1CNC[C@@H]1CO,48056626,131.175,-1.193,AAAA.txt,0.18518518518518517,CC1CNC(=S)N1
COC(=O)Cc1nnn[nH]1,20045582,142.118,-1.085,AAAA.txt,0.2777777777777778,CCCCCCCCCC(=O)OC
COC(=O)[C@@H](N)c1cn(C)nn1,259805746,170.172,-1.012,AAAA.txt,0.2608695652173913,CN1C=C(C(=N1)C(F)(F)F)C(=O)N
N[C@H]1CCc2nnnn2C1,18554994,139.162,-1.053,AAAA.txt,0.15384615384615385,C1CC1NC2=NC(=NC(=N2)N)N
O[C@H]1[C@H](O)[C@H](O)[C@H](O)[C@@H](O)[C@H]1O,100073149,180.156,-3.835,AAAA.txt,0.17857142857142858,C(C1[C@H]([C@H](C([C@H](O1)O[C@H]2[C@H](C([C@H](OC2CO)O)O)O)O)O)O)O
NCCN[C@H](CC(=O)O)C(=O)O,98090065,176.172,-1.537,AAAA.txt,0.23076923076923078,CC(C)N.C(C(=O)O)NCP(=O)(O)O
NC(=O)CN1CCC(N)CC1,9256947,157.217,-1.105,AAAA.txt,0.2692307692307692,C(C(=O)N)F
NCC(CO)CO,34380540,105.137,-1.454,AAAA.txt,0.23809523809523808,CC(CO)OC
COC(=O)[C@H]1C(=O)CNC1=O,100654371,157.125,-1.526,AAAA.txt,0.2564102564102564,CCC(=O)C1C(=O)CC(CC1=O)C(=O)O
OC[C@@H](O)CN1CCNCC1,22590355,160.217,-1.755,AAAA.txt,0.2222222222222222,CCCN(CC)CC(CO)O
COC(=O)[C@](C)(O)[C@](C)(O)C(=O)O,1775956583,192.167,-1.254,AAAA.txt,0.2608695652173913,C(=O)(C(F)(F)F)O
O=C1COCCN1CCO,34516865,145.158,-1.163,AAAA.txt,0.275,CCCCCCCCN1CCCC1=O
NC1CC(O)(CO)C1,116188339,117.148,-1.169,AAAA.txt,0.25,C1[C@H]([C@@H]([C@@H](C(O1)(CO)O)O)O)O
COC1(C(=O)O)CS(=O)(=O)C1,257965363,180.181,-1.115,AAAA.txt,0.20689655172413793,C1CCC(=C(C1)C(=O)O)C(=O)O
NS(=O)(=O)Cc1ncon1,157461268,163.158,-1.142,AAAA.txt,0.23809523809523808,CCS(=O)(=O)C1=C(N=CC=C1)S(=O)(=O)N
C[C@H](O)[C@H]1OC(=O)[C@H](O)[C@H]1O,901596,162.141,-1.986,AAAA.txt,0.23076923076923078,C([C@@H]([C@@H]1C(=C(C(=O)O1)O)O)O)O
C1CN(c2nn[nH]n2)CCN1,83339594,154.177,-1.391,AAAA.txt,0.15384615384615385,C1CN(C(=S)N1)C(=S)N
C[S@@](=O)CC[C@H](N)C(N)=O,38788906,164.23,-1.432,AAAA.txt,0.2702702702702703,CP(=O)(CCC(C(=O)[O-])N)[O-].[NH4+].[NH4+]
CNC(=O)[C@@H](N)CO,39259908,118.136,-1.948,AAAA.txt,0.28205128205128205,CC(C(=O)NC)SCCSP(=O)(OC)OC
Cn1nnnc1O,39208978,100.081,-1.084,AAAA.txt,0.175,CC1=NC=C(N1CCO)[N+](=O)[O-]
COC(=O)[C@@H]1CNNC(=O)C1,3134276,158.157,-1.2,AAAA.txt,0.24390243902439024,CCC(=O)C1C(=O)CC(CC1=O)C(=O)O
O=C1CCN[C@]2(CCNC2)CN1,2325712085,169.228,-1.172,AAAA.txt,0.21875,C1CNC(=O)NC1
CCNC(=O)C[C@@H]1NCCNC1=O,66152750,185.227,-1.399,AAAA.txt,0.24390243902439024,CCNC(=O)NC(=O)C(=O)O
NC[C@H]1CO[C@@H]2[C@@H](CN)CO[C@H]12,306704094,172.228,-1.066,AAAA.txt,0.25,CC1CO1
O=C(O)C1(O)CNC1,95532446,117.104,-1.595,AAAA.txt,0.25,C1CCC(=C(C1)C(=O)O)C(=O)O
NCCCC[C@H](N)C(=O)OCCN,83428674,189.259,-1.055,AAAA.txt,0.28,C(CCCCN)CCCN
NC(=O)[C@H]1CCC(=O)N1,4764135,128.131,-1.25,AAAA.txt,0.2647058823529412,C1CC(=C(C1O)C(=O)O)N
OC[C@@H](O)c1cn[nH]n1,199623122,129.119,-1.17,AAAA.txt,0.1935483870967742,C(O)[P+](CO)(CO)CO.C(O)[P+](CO)(CO)CO.[O-]S(=O)(=O)[O-]
COCn1[nH]cnc1=NN,725328034,143.15,-1.411,AAAA.txt,0.19672131147540983,C1CC1(C(CC2=CC=CC=C2Cl)(CN3C(=S)N=CN3)O)Cl
C[C@H](O)[C@@H]1CN2C[C@H](O)C[C@H]2CN1,72233271,186.255,-1.226,AAAA.txt,0.175,C1C2C(CC(C1O)O)C(=O)NC2=O
COC(=O)[C@](C)(O)CN,85231351,133.147,-1.131,AAAA.txt,0.25,CCCCCCCCCC(=O)OC
CN[C@H]1COC[C@@H]1O,21953371,117.148,-1.035,AAAA.txt,0.21739130434782608,CC1CO1
CN1CCN([C@@H](CO)CCN)CC1,82391605,187.287,-1.057,AAAA.txt,0.25,CN1CCCC1
O=C1NC(=O)[C@@]2(CCCNC2)N1,22014930,169.184,-1.052,AAAA.txt,0.26666666666666666,C1CNC(=O)NC1
N[C@@H]1COC[C@@H]1n1cc(CO)nn1,307216245,184.199,-1.331,AAAA.txt,0.16666666666666666,C1[C@H]([C@@H]([C@@H](C(O1)(CO)O)O)O)O
NCCN1CCCS1(=O)=O,37506280,164.23,-1.019,AAAA.txt,0.23076923076923078,CN1CCCC1
O=S1(=O)CCN[C@@H](CCO)C1,94512656,179.241,-1.245,AAAA.txt,0.15151515151515152,C1N(CN(CN1CCO)CCO)CCO
O=C(O)[C@@H]1C(=CCO)O[C@@H]2CC(=O)N12,1857524329,199.162,-1.096,AAAA.txt,0.2391304347826087,CCC(=O)C1C(=O)CC(CC1=O)C(=O)O
NC(=O)NCCC[C@@H](N)C(=O)O,2166829,175.188,-1.153,AAAA.txt,0.27586206896551724,C(=O)(N)NC(=O)O
COC(=O)C[C@H]1NC(=O)NC1=O,1431717,172.14,-1.243,AAAA.txt,0.2702702702702703,CCCCCCCCCC(=O)OC
CN(C)C(=O)C[C@H](N)C(=O)O,8203399,160.173,-1.123,AAAA.txt,0.2972972972972973,C1=NN(C=N1)CC(C(=O)O)N
O=C(CCO)NCCO,88189631,133.147,-1.523,AAAA.txt,0.21052631578947367,CCCOC(=O)NCCCN(C)C.Cl
NC(=O)CCn1ccc(=O)[nH]c1=O,43639298,183.167,-1.588,AAAA.txt,0.22916666666666666,CCCN1C(=O)C2=CC=CC=C2NC1=O
NC1=NC(=O)CO1,17173516,100.077,-1.142,AAAA.txt,0.21212121212121213,C1=NNC(=O)C(=C1N)Cl
O=C(O)[C@@H]1C[C@H]2O[C@H]1[C@H](O)[C@H]2O,306392345,174.152,-1.42,AAAA.txt,0.2647058823529412,C1C=CCC(C1C(=O)N)C(=O)O
CN(C)c1nc(N)nc(CN)n1,54957011,168.204,-1.022,AAAA.txt,0.2916666666666667,C1(=NC(=NC(=N1)N)N)N
N[C@H](CO)C1COC1,107395544,117.148,-1.048,AAAA.txt,0.2,C1[C@H]([C@@H]([C@@H](C(O1)(CO)O)O)O)O
CCNC(CO)(CO)CO,5858487,149.19,-1.688,AAAA.txt,0.21739130434782608,CCCCCCCCCCCCCCO
NC1[C@H]2CS(=O)(=O)C[C@H]12,211858069,147.199,-1.012,AAAA.txt,0.21212121212121213,C1C2C(COS(=O)(=O)O1)C3(C(=C(C2(C3(Cl)Cl)Cl)Cl)Cl)Cl
CC(=O)N1CCNC[C@@H]1C(=O)O,79438259,172.184,-1.109,AAAA.txt,0.20588235294117646,CC(=O)O.C1=NNN=C1
CS(=O)(=O)NCCO,19780741,139.176,-1.472,AAAA.txt,0.25,C[N+](C)(C)CCO.[Cl-]
CN(CC(N)=O)C[C@H]1CNCCO1,70649570,187.243,-1.608,AAAA.txt,0.20833333333333334,CCN(C)C.C1CC2C(C(C1O2)C(=O)O)C(=O)O
CN1CC(=O)NC(=O)C1,57211596,128.131,-1.425,AAAA.txt,0.2962962962962963,CCN1C(=O)C(=O)NC1=O
Cn1nnc(NC(=O)CCN)n1,306553185,170.176,-1.503,AAAA.txt,0.23404255319148937,CN1C=C(C(=N1)C(F)(F)F)C(=O)N
CC(C)[C@H]1NS(=O)(=O)NC1=O,143594347,178.213,-1.025,AAAA.txt,0.23809523809523808,CC(C)N1C(=O)C2=CC=CC=C2NS1(=O)=O
NC(=O)Cn1ccc(N)n1,36379842,140.146,-1.049,AAAA.txt,0.2619047619047619,CN1C=C(C(=N1)C(F)(F)F)C(=O)N
NCC(=O)N[C@@H](CO)C(=O)O,1635605,162.145,-2.493,AAAA.txt,0.2413793103448276,C(O)[P+](CO)(CO)CO.C(O)[P+](CO)(CO)CO.[O-]S(=O)(=O)[O-]
CNC[C@@H](O)CN,34165484,104.153,-1.475,AAAA.txt,0.21052631578947367,CC(C)O
NC(=O)[C@@H](N)[C@H]1CCOC1,37870615,144.174,-1.165,AAAA.txt,0.22448979591836735,CN=C(NCC1CCOC1)N[N+](=O)[O-]
CS(=O)(=O)CC[C@@H](O)CN,82853079,167.23,-1.259,AAAA.txt,0.20689655172413793,C(O)[P+](CO)(CO)CO.C(O)[P+](CO)(CO)CO.[O-]S(=O)(=O)[O-]
CN1CCN[C@H](C(N)=O)C1=O,139171469,157.173,-2.098,AAAA.txt,0.2571428571428571,CN1CCCC1=O
Nc1nnn[nH]1,8100872,85.07,-1.218,AAAA.txt,0.2916666666666667,C1=NNC(=N1)N
O=C(O)[C@@H]1O[C@H](O)[C@@H](O)[C@@H]1O,14584282,164.113,-2.49,AAAA.txt,0.2903225806451613,CC(=C[C@@H]1[C@H](C1(C)C)C(=O)O)C
N[C@@H](CN(O)N=O)C(=O)O,4214744,149.106,-1.229,AAAA.txt,0.2894736842105263,C1=NN(C=N1)CC(C(=O)O)N
O=C(O)CN[C@H]1C=CS(=O)(=O)C1,4298576,191.208,-1.029,AAAA.txt,0.275,C(C(=O)O)NCP(=O)(O)[O-].C(C(=O)O)NCP(=O)([O-])[O-].[Na+].[Na+].[Na+]
CNC(=O)CN1CCN(C)CC1,41363635,171.244,-1.02,AAAA.txt,0.2702702702702703,CNC(=O)CSP(=O)(OC)OC
COC(=O)C(N)(CO)CO,238368759,149.146,-2.159,AAAA.txt,0.25806451612903225,CCCCCCCCCC(=O)OC
N[C@@H]1CCN(S(N)(=O)=O)C1,156617146,165.218,-1.777,AAAA.txt,0.20833333333333334,[NH4+].NS(=O)(=O)[O-]
CCOC(=O)[C@@H]1CNC[C@@H](O)[C@H]1O,1775956201,189.211,-1.509,AAAA.txt,0.21212121212121213,CCC(=O)[O-].CCC(=O)[O-].[Ca+2]
COC(=O)[C@](C)(O)[C@@](C)(O)C(=O)O,1775956576,192.167,-1.254,AAAA.txt,0.2608695652173913,C(=O)(C(F)(F)F)O
CO[C@@H](CN)CC(N)=O,215266136,132.163,-1.165,AAAA.txt,0.2916666666666667,C(C(=O)N)F
OC[C@H]1CN[C@@H](CO)C1,221662345,131.175,-1.051,AAAA.txt,0.15625,C1C2C(CC(C1O)O)C(=O)NC2=O
N=C(NN)NCCC[C@H](N)C(=O)O,1544855,189.219,-1.834,AAAA.txt,0.27906976744186046,C1=NN(C=N1)CC(C(=O)O)N
NC(=O)CN1CCC[C@@H](C(N)=O)C1,48582877,185.227,-1.331,AAAA.txt,0.22580645161290322,C(C(=O)N)F
O=C1NCCNC12CCNCC2,51925121,169.228,-1.172,AAAA.txt,0.25,C1CNC(=O)NC1
NC[C@@H](N)CO,22590238,90.126,-1.735,AAAA.txt,0.22727272727272727,CC(CO)OC
CCS(=O)(=O)NN,19278131,124.165,-1.201,AAAA.txt,0.25,CN(C)S(=O)(=O)N
C1CO[C@H]2CNC[C@H]2N1,34453754,128.175,-1.053,AAAA.txt,0.15384615384615385,CC1CO1
Cn1nc(O)n(C)c1=O,6072289,129.119,-1.176,AAAA.txt,0.2647058823529412,CN1C=NC2=C1C(=O)N(C(=O)N2C)C
CC(=O)N1CCNC[C@H]1C(=O)O,79438261,172.184,-1.109,AAAA.txt,0.20588235294117646,CC(=O)O.C1=NNN=C1
NCC[C@H](O)CO,34273813,105.137,-1.312,AAAA.txt,0.27586206896551724,CCCN(CC)CC(CO)O
O=S1(=O)CCN2CCNC[C@@H]2C1,71478988,190.268,-1.311,AAAA.txt,0.1282051282051282,CC1CNC(=S)N1
CN1CCO[C@H](CO)C1=O,96024974,145.158,-1.164,AAAA.txt,0.2647058823529412,CN1CCCC1=O
C[C@@H]1[C@@H](C(=O)O)[C@@H](O)C(=O)N1C,669371565,173.168,-1.091,AAAA.txt,0.23076923076923078,CCC(=O)C1C(=O)CC(CC1=O)C(=O)O
N=C1NCCN1CC(=O)O,1483569,143.146,-1.089,AAAA.txt,0.23684210526315788,C1CN(C(=S)N1)C(=S)N
N[C@@H](C(=O)O)c1nnn[nH]1,3995585,143.106,-1.716,AAAA.txt,0.23684210526315788,C1=NN(C=N1)C(C(=O)O)N
CN(C)c1c(N)c(=O)c1=O,34515231,140.142,-1.069,AAAA.txt,0.2222222222222222,CC1=CC(=CC(=C1N(C)C)C)OC(=O)NC
O=CNC(CO)CO,81914426,119.12,-1.914,AAAA.txt,0.26666666666666666,C1CN(CCN1C(C(Cl)(Cl)Cl)NC=O)C(C(Cl)(Cl)Cl)NC=O
O=C1N=C2NN=C[C@@H]2C(=O)N1,13542567,152.113,-1.16,AAAA.txt,0.23529411764705882,C1C=CCC2C1C(=O)NC2=O
C[C@]1(O)C(=O)O[C@H](CO)[C@H]1O,8613033,162.141,-1.984,AAAA.txt,0.23684210526315788,C1[C@H]([C@@H]([C@@H](C(O1)(CO)O)O)O)O
C[S@@](=O)CC[C@@H](N)C(N)=O,150146225,164.23,-1.432,AAAA.txt,0.2702702702702703,CP(=O)(CCC(C(=O)[O-])N)[O-].[NH4+].[NH4+]
COC(=O)[C@@H]1NCC[C@@H](O)[C@H]1O,1857778135,175.184,-1.757,AAAA.txt,0.20930232558139536,CC1CC(CCC1C(=O)OC(C)(C)C)Cl
CS(=O)(=O)[C@@H]1CNC(=O)C1,238378302,163.198,-1.081,AAAA.txt,0.21875,C1C=CCC2C1C(=O)NC2=O
NC(=O)CC1(N)CCNCC1,84329234,157.217,-1.057,AAAA.txt,0.2692307692307692,C(C(=O)N)F
NC(=O)c1ncn(C[C@@H](O)CO)n1,36559180,186.171,-2.27,AAAA.txt,0.26666666666666666,C1=NN(C=N1)CC(C(=O)O)O
N[S@](=O)C1CS(=O)(=O)C1,675072173,169.227,-1.594,AAAA.txt,0.16666666666666666,C1C2C(COS(=O)(=O)O1)C3(C(=C(C2(C3(Cl)Cl)Cl)Cl)Cl)Cl
NC1CCN([C@@H]2CC(=O)NC2=O)CC1,45626680,197.238,-1.175,AAAA.txt,0.2222222222222222,C1C=CCC2C1C(=O)NC2=O
NCCc1nnc2n1CCNC2=O,585139558,181.199,-1.477,AAAA.txt,0.20454545454545456,C1CN(C(=S)N1)C(=S)N
O=S1(=O)C[C@@H]2NCCN[C@H]2C1,32496998,176.241,-1.655,AAAA.txt,0.17647058823529413,C1C2C(COS(=O)(=O)O1)C3(C(=C(C2(C3(Cl)Cl)Cl)Cl)Cl)Cl
N[C@@H]1CCS(=O)(=O)[C@@H](C(=O)O)C1,257888542,193.224,-1.025,AAAA.txt,0.2571428571428571,C1C=CCC(C1C(=O)N)C(=O)O
N[C@H]1COC[C@@H]1CO,107302362,117.148,-1.048,AAAA.txt,0.2,C1[C@H]([C@@H]([C@@H](C(O1)(CO)O)O)O)O
CNS(=O)(=O)CCN,12416971,138.192,-1.506,AAAA.txt,0.21875,CC1=CC=C(C=C1)NS(=O)(=O)NC
N[C@@H]1CNCCOC1,204795899,116.164,-1.067,AAAA.txt,0.16,CC1CO1
NCc1nc(CO)n[nH]1,521398993,128.135,-1.244,AAAA.txt,0.19047619047619047,C1=CC(=NC(=C1Cl)C(=O)O)Cl.C(CO)N
CN1C(=O)C[C@H](CN)C1=O,20216438,142.158,-1.05,AAAA.txt,0.25,CN1CCCC1=O
O=C(O)CN[C@@H]1CCS(=O)(=O)C1,3865775,193.224,-1.152,AAAA.txt,0.21428571428571427,C(C(=O)O)NCP(=O)(O)[O-].C(C(=O)O)NCP(=O)([O-])[O-].[Na+].[Na+].[Na+]
O=C(O)C[C@@H](C(=O)O)S(=O)(=O)O,1850486,198.152,-1.198,AAAA.txt,0.2608695652173913,C(C(=O)O)(Cl)Cl
N[C@H]1CCn2nnnc2C1,18558690,139.162,-1.053,AAAA.txt,0.15384615384615385,C1CC1NC2=NC(=NC(=N2)N)N
COC(=O)[C@@H]1CS(=O)(=O)N1,238342643,165.17,-1.539,AAAA.txt,0.2,CC1CC(CCC1C(=O)OC(C)(C)C)Cl
OC[C@H]1OC=C[C@@H](O)[C@@H]1O,4284522,146.142,-1.387,AAAA.txt,0.2631578947368421,C(C1[C@H]([C@H](C([C@H](O1)O[C@H]2[C@H](C([C@H](OC2CO)O)O)O)O)O)O)O
COC[C@@H]1NC[C@@H](O)[C@H]1O,210061732,147.174,-1.674,AAAA.txt,0.20689655172413793,COCCO
CC(=O)N[C@@H](CO)C(=O)O,158173,147.13,-1.432,AAAA.txt,0.2916666666666667,C[C@@H](C(=O)O)O
O=C1CS(=O)(=O)CCN1,5494891,149.171,-1.469,AAAA.txt,0.28,C1CNC(=O)NC1
O=C1N[C@H]2NC(=O)N([N+](=O)[O-])[C@H]2N1,12343389,187.115,-1.832,AAAA.txt,0.18518518518518517,[N+](=O)([O-])[O-].[Ag+]
O=C(O)[C@@H]1O[C@H](O)[C@H](O)[C@@H]1O,257357888,164.113,-2.49,AAAA.txt,0.2903225806451613,CC(=C[C@@H]1[C@H](C1(C)C)C(=O)O)C
NS(=O)(=O)N1CCNC(=O)C1,36924413,179.201,-2.378,AAAA.txt,0.25,C1CN(C(=S)N1)C(=S)N
O=C(O)CN1CCNC(=O)C1,4235044,158.157,-1.497,AAAA.txt,0.23076923076923078,C1CN(C(=S)N1)C(=S)N
NCCn1nc(O)ccc1=O,19798159,155.157,-1.092,AAAA.txt,0.23076923076923078,C1=C(N=C(NC1=O)N)O
Cn1c(O)c(CCN)cnc1=O,100113508,169.184,-1.013,AAAA.txt,0.23684210526315788,CC1=CC=C(C=C1)CCN
CNC(=O)[C@H]1COCCN1,78737677,144.174,-1.279,AAAA.txt,0.22916666666666666,CNC(=O)OC1=CC=CC=C1C2OCCO2
O=C1O[C@@H]2[C@@H](O)[C@@H](O)O[C@@H]2[C@@H]1O,3861734,176.124,-2.649,AAAA.txt,0.19047619047619047,C(C1[C@H]([C@H](C([C@H](O1)O[C@H]2[C@H](C([C@H](OC2CO)O)O)O)O)O)O)O
CNc1c(N)c(=O)n(C)c(=O)n1C,5353718,184.199,-1.292,AAAA.txt,0.2972972972972973,CN1C=NC2=C1C(=O)N(C(=O)N2C)C
O[C@H]1CCNC[C@H]1O,6613557,117.148,-1.299,AAAA.txt,0.21428571428571427,C1C2C(CC(C1O)O)C(=O)NC2=O
O=C(CC(=O)NCCO)NCCO,1681182,190.199,-2.407,AAAA.txt,0.2222222222222222,CCCOC(=O)NCCCN(C)C.Cl
Cn1c(N)nc2c1c(=O)[nH]c(=O)n2C,16968521,195.182,-1.458,AAAA.txt,0.2702702702702703,CC1=NC(=NC(=O)N1)N
NC[C@H]1CC[C@H](C(N)=O)O1,75093305,144.174,-1.022,AAAA.txt,0.2647058823529412,C1C=CCC(C1C(=O)N)C(=O)O
CC(=O)[C@@H]1C(=O)CNC1=O,18085279,141.126,-1.11,AAAA.txt,0.2777777777777778,CCC(=O)C1C(=O)CC(CC1=O)C(=O)O
COC(=O)CC1(N)CS(=O)(=O)C1,213689762,193.224,-1.325,AAAA.txt,0.2857142857142857,CCCCCCCCCC(=O)OC
NCCNCCS(=O)(=O)O,38615690,168.218,-1.578,AAAA.txt,0.25,C(=O)(N)N.OS(=O)(=O)O
CC(=O)N[C@H](CO)C(N)=O,399491,146.146,-2.031,AAAA.txt,0.23076923076923078,C(C(=O)N)F
N[C@H](CO)c1nc[nH]n1,42040945,128.135,-1.203,AAAA.txt,0.21212121212121213,C1=NNC(=N1)N
CNC(=O)[C@@H](CCO)NC,3163300,146.19,-1.297,AAAA.txt,0.2682926829268293,CC(C(=O)NC)SCCSP(=O)(OC)OC
O=C1N[C@@H]2NC(=O)N([N+](=O)[O-])[C@H]2N1,4737253,187.115,-1.832,AAAA.txt,0.18518518518518517,[N+](=O)([O-])[O-].[Ag+]
NCCC(=O)N1CCNCC1,2528760,157.217,-1.233,AAAA.txt,0.2,C1=CC(=C(C(=C1)F)C(=O)N)F
CC(=O)NC(CO)CO,13357255,133.147,-1.524,AAAA.txt,0.24,CC(CO)OC
N[C@H]1CNC[C@H]1O,34449245,102.137,-1.722,AAAA.txt,0.21428571428571427,C1C2C(CC(C1O)O)C(=O)NC2=O
O=C(O)[C@H]1O[C@@H]1C(=O)O,1675961,132.071,-1.077,AAAA.txt,0.27586206896551724,CCN(C)C.C1CC2C(C(C1O2)C(=O)O)C(=O)O
NCCN1C(=O)C=CC1=O,2572342,140.142,-1.13,AAAA.txt,0.22580645161290322,C1=CC=C2C(=C1)C(=O)N(C2=O)CO
O=C(O)[C@H]1O[C@@H](O)[C@H](O)[C@@H](O)[C@H]1O,4097542,194.139,-3.129,AAAA.txt,0.28125,CC(=C[C@@H]1[C@H](C1(C)C)C(=O)O)C
O=S1(=O)NC[C@@H]2CNCCN21,584625529,177.229,-1.892,AAAA.txt,0.14893617021276595,CC(C)N1C(=O)C2=CC=CC=C2NS1(=O)=O
O=C(O)[C@H]1NCC[C@@H](O)[C@H]1O,34310089,161.157,-1.845,AAAA.txt,0.22857142857142856,C1CC(=C(C1O)C(=O)O)N
CNCC(=O)N(C)CC(=O)O,2561165,160.173,-1.251,AAAA.txt,0.25,CP(=O)(CCC(=O)O)O
O=C(O)[C@@H]1C[S@](=O)CCN1,13387634,163.198,-1.209,AAAA.txt,0.19444444444444445,C1C=CCC(C1C(=O)N)C(=O)O
O=C1N[C@@H]2[C@H](N1)NC(=O)N2[N+](=O)[O-],4737254,187.115,-1.832,AAAA.txt,0.18518518518518517,[N+](=O)([O-])[O-].[Ag+]
NC[C@@H]1CN2CCN1CC2,34751107,141.218,-1.055,AAAA.txt,0.13793103448275862,C1COCCN1CN2CCOCC2
C1CO[C@@H](c2nnn[nH]2)CN1,42191903,155.161,-1.139,AAAA.txt,0.15,CC1CNC(=S)N1
COC(=O)Cn1ncnn1,1107120,142.118,-1.154,AAAA.txt,0.2777777777777778,CCCCCCCCCC(=O)OC
Cn1nncc1S(N)(=O)=O,95946096,162.174,-1.538,AAAA.txt,0.24489795918367346,CCCN1C(=NC2=CC(=CC(=C21)N)S(=O)(=O)N)CC
O=C(O)C[C@H](O)[C@H](O)CO,32786028,150.13,-1.825,AAAA.txt,0.2727272727272727,C[C@@H](C(=O)O)O
O=C(O)[C@H]1O[C@H](O)[C@H](O)[C@@H](O)[C@H]1O,4228259,194.139,-3.129,AAAA.txt,0.28125,CC(=C[C@@H]1[C@H](C1(C)C)C(=O)O)C
NC1(C(=O)O)CC(O)C1,72188001,131.131,-1.077,AAAA.txt,0.26666666666666666,C1C=CCC(C1C(=O)N)C(=O)O
O=C1CNC[C@H](C(=O)O)N1,38540696,144.13,-1.841,AAAA.txt,0.23684210526315788,CCC(=O)C1C(=O)CC(CC1=O)C(=O)O
O[C@@H]1CS[C@@H](O)[C@@H](O)[C@@H]1O,39593968,166.198,-1.866,AAAA.txt,0.21875,C1[C@H]([C@@H]([C@@H](C(O1)(CO)O)O)O)O
Cn1ncnc2c(=O)n(C)c(=O)nc1-2,342245,193.166,-1.626,AAAA.txt,0.2619047619047619,CN1C=NC2=C1C(=O)N(C(=O)N2C)C
CNC(=O)C1(N)COC1,585144672,130.147,-1.54,AAAA.txt,0.22727272727272727,CNC(=O)OC1=CC=CC=C1C2OCCO2
NCC(CN)(CN)CO,34370327,133.195,-2.159,AAAA.txt,0.17647058823529413,C(CCCCN)CCCN
O=C1C[S@@](=O)CCN1,40544505,133.172,-1.135,AAAA.txt,0.28,C1CNC(=O)NC1
COC(=O)CN1CCNCC1=O,19089424,172.184,-1.409,AAAA.txt,0.25,CCCCCCCCCC(=O)OC
CNC[C@H](NC(C)=O)C(=O)O,39058198,160.173,-1.205,AAAA.txt,0.2692307692307692,C[C@@H](C(=O)O)O
O=S1(=O)C[C@H]2NCCN[C@H]2C1,32496996,176.241,-1.655,AAAA.txt,0.17647058823529413,C1C2C(COS(=O)(=O)O1)C3(C(=C(C2(C3(Cl)Cl)Cl)Cl)Cl)Cl
CN1C[C@H](O)[C@H](O)C1,86331804,117.148,-1.346,AAAA.txt,0.2777777777777778,CN1CCCC1
COC(=O)[C@@H]1NC[C@@H](O)[C@H]1O,201160924,161.157,-2.147,AAAA.txt,0.2,C1C2C(CC(C1O)O)C(=O)NC2=O
NC[C@]12COCCN1C(=O)COC2,584880254,186.211,-1.427,AAAA.txt,0.23529411764705882,C1COCCN1CN2CCOCC2
O=C1NCC2(COC2)N[C@@H]1CO,584883941,172.184,-2.164,AAAA.txt,0.23684210526315788,C1C2C(CC(C1O)O)C(=O)NC2=O
Nn1ccnn1,5778133,84.082,-1.008,AAAA.txt,0.15,C1=CC(=NC=C1CN2C=CN=C2N)Cl
NC[C@]1(O)CCS(=O)(=O)C1,62963224,165.214,-1.505,AAAA.txt,0.17073170731707318,CC1=C(S(=O)(=O)CCO1)C(=O)N
OC[C@@H]1C[C@H](O)[C@@H](O)[C@@H](O)O1,5851312,164.157,-2.192,AAAA.txt,0.2894736842105263,C(C1[C@H]([C@H](C([C@H](O1)O[C@H]2[C@H](C([C@H](OC2CO)O)O)O)O)O)O)O
OC[C@H](O)[C@@H](O)[C@H](O)[C@@H](O)CO,5178945,182.172,-3.585,AAAA.txt,0.25,CC(CO)OC
C[C@H]1O[C@H](O)[C@@H](O)C[C@@H]1O,6488820,148.158,-1.165,AAAA.txt,0.23809523809523808,CC1OC(OC(OC(O1)C)C)C
Cn1cc(C(N)=S)c(=O)[nH]c1=O,36379754,185.208,-1.292,AAAA.txt,0.25,CN1C=C(C(=N1)C(F)(F)F)C(=O)N
C[C@@H](N)C(=O)N[C@@H](CO)C(=O)O,1575550,176.172,-2.105,AAAA.txt,0.2962962962962963,C[C@@H](C(=O)O)O
Nc1ncc(S(N)(=O)=O)cn1,44832004,174.185,-1.294,AAAA.txt,0.27586206896551724,C1=CC(=CC=C1N)S(=O)(=O)O
CN(C)S(=O)(=O)CC1(O)COC1,1772716791,195.24,-1.361,AAAA.txt,0.25,CN(C)S(=O)(=O)N
NC(=O)[C@@H]1CCC(=O)NC1,39064132,142.158,-1.002,AAAA.txt,0.25,C1CC(=C(C1O)C(=O)O)NC(=O)N
O[C@@H]1C[C@H](O)[C@H](O)CO1,164946,134.131,-1.553,AAAA.txt,0.25925925925925924,C1C2C(CC(C1O)O)C(=O)NC2=O
CS(=O)(=O)N1CC(CN)(CO)C1,141366579,194.256,-1.801,AAAA.txt,0.18181818181818182,C(O)[P+](CO)(CO)CO.C(O)[P+](CO)(CO)CO.[O-]S(=O)(=O)[O-]
CCOC(=O)[C@H](N)CS(C)(=O)=O,1951377937,195.24,-1.079,AAAA.txt,0.27906976744186046,CCOC(=O)CC(C(=O)OCC)SP(=S)(OC)OC
N[C@@H](CO)C1(O)CC1,1952382228,117.148,-1.169,AAAA.txt,0.19230769230769232,CC(CO)OC
Cn1nncc1C1(O)CNC1,127972776,154.173,-1.394,AAAA.txt,0.2,CC1(CC/C(=C/C2=CC=C(C=C2)Cl)/C1(CN3C=NC=N3)O)C
NC(=O)[C@@]1(N2CCNCC2)CCOC1,70992704,199.254,-1.464,AAAA.txt,0.18181818181818182,C1CN(C(=S)N1)C(=S)N
CO[C@@H]1O[C@H]2[C@H](O)C(=O)O[C@H]2[C@@H]1O,5669969,190.151,-1.995,AAAA.txt,0.1774193548387097,COC(=O)NC1C(C(C(OC1OC2C(OC(C(C2O)N)OC3C(OC(C(C3O)N)O)CO)CO)CO)OC4C(C(C(C(O4)CO)OC5C(C(C(C(O5)CO)OC6C(C(C(C(O6)CO)OC7C(C(C(C(O7)CO)OC8C(C(C(C(O8)CO)OC9C(C(C(C(O9)CO)O)O)N)O)N)O)N)O)N)O)N)O)N)O
O=P(O)(O)OC[C@@H](O)CO,3830895,172.073,-1.551,AAAA.txt,0.2692307692307692,C(CP(=O)(O)O)O
NC1(C(=O)O)CNC1,34437010,116.12,-1.628,AAAA.txt,0.24,C1CCC(=C(C1)C(=O)O)C(=O)O
O[C@H]1[C@H](O)[C@H]2CO[C@H](O2)[C@H]1O,14987360,162.141,-2.176,AAAA.txt,0.2727272727272727,C1[C@H]([C@@H]([C@@H](C(O1)(CO)O)O)O)O
COC[C@@H](O)CS(=O)(=O)O,85210737,170.186,-1.119,AAAA.txt,0.2916666666666667,CC1=CSC(=C1N(C(C)COC)C(=O)CS(=O)(=O)O)C
COC(=O)N1CCNS1(=O)=O,95936154,180.185,-1.097,AAAA.txt,0.1951219512195122,CNC(=O)CSP(=O)(OC)OC
CN1[C@H](CN)CCS1(=O)=O,238337403,164.23,-1.021,AAAA.txt,0.17857142857142858,CN1CCCC1
O[C@@H]1[C@@H](O)[C@H](O)C=C[C@H]1O,13551284,146.142,-2.0,AAAA.txt,0.17857142857142858,C1[C@H]([C@@H]([C@@H](C(O1)(CO)O)O)O)O
O=C(O)[C@@H]1Cn2cnnc2CN1,575468482,168.156,-1.166,AAAA.txt,0.20454545454545456,C1=NN(C=N1)CC(=O)O
COC(=O)[C@@H]1NCCNC1=O,39115013,158.157,-1.753,AAAA.txt,0.2222222222222222,C1C2C(CC(C1O)O)C(=O)NC2=O
NS(=O)(=O)CCn1ccnn1,307416798,176.201,-1.433,AAAA.txt,0.20454545454545456,CCS(=O)(=O)C1=C(N=CC=C1)S(=O)(=O)N
NC(=O)N1CCNCC1,1556606,129.163,-1.03,AAAA.txt,0.2631578947368421,C(=O)(N)N
O=C1N[C@H]2CNC[C@H]1COC2,238652790,156.185,-1.279,AAAA.txt,0.2,C1C=CCC2C1C(=O)NC2=O
CN1C(=O)C[C@@H](CN)C1=O,88604426,142.158,-1.05,AAAA.txt,0.25,CN1CCCC1=O
O=C(CO)[C@@H](O)[C@H](O)[C@H](O)CO,1532049,180.156,-3.377,AAAA.txt,0.23529411764705882,CCC(C(C)CC(C)C(=O)CC)O
NC(=O)[C@@]1(O)CCNC1,96034625,130.147,-1.804,AAAA.txt,0.22727272727272727,C(=O)(N)N
N=C(N)NC[C@H](N)C(=O)O,2384694,146.15,-2.119,AAAA.txt,0.2894736842105263,C1=NN(C=N1)CC(C(=O)O)N
CS(=O)(=O)[C@@H]1COC[C@H]1N,1857783128,165.214,-1.243,AAAA.txt,0.2,CC1CO1
C[C@@H](O)[C@H]1CNCCN1,39095763,130.191,-1.071,AAAA.txt,0.22727272727272727,CC(C)O
OC1CN(C2CNC2)C1,72267087,128.175,-1.365,AAAA.txt,0.16129032258064516,CC1CNC(=S)N1
N[C@H](Cc1c[nH]c(=O)[nH]1)C(=O)O,6090927,171.156,-1.343,AAAA.txt,0.27906976744186046,C1=NN(C=N1)CC(C(=O)O)N
NC(=O)NC1CNC1,85256253,115.136,-1.374,AAAA.txt,0.28,C(=O)(N)NC(=O)O
NCCN1CCNCC1=O,34628354,143.19,-1.623,AAAA.txt,0.275,CCCCCCCCN1CCCC1=O
N=C(N)NCCC[C@@H](N)C(N)=O,2020171,173.22,-1.938,AAAA.txt,0.21951219512195122,CP(=O)(CCC(C(=O)[O-])N)[O-].[NH4+].[NH4+]
Cc1[nH]c(=O)[nH]c(=O)c1CC(=O)O,182957,184.151,-1.001,AAAA.txt,0.2692307692307692,C1(=O)NC(=O)NC(=O)N1
COc1nc(C2CNC2)nc(=N)[nH]1,1857787391,181.199,-1.02,AAAA.txt,0.21568627450980393,COC(=O)C1=C(C(=NC(=N1)C2CC2)N)Cl
CCN1CCN(S(N)(=O)=O)CC1,36924176,193.272,-1.173,AAAA.txt,0.24,CN(C)S(=O)(=O)N
O=S1(=O)CCNC[C@@H]1CO,211497613,165.214,-1.635,AAAA.txt,0.14705882352941177,C(N1C2C(N(C1=O)CO)N(C(=O)N2CO)CO)O
NCCN1CCS(=O)(=O)CC1,21983469,178.257,-1.325,AAAA.txt,0.20833333333333334,C(C[O-])N.C(C[O-])N.[Cu+2]
N[C@@H]1C[C@H](CO)[C@@H](O)[C@H]1O,2389432,147.174,-1.952,AAAA.txt,0.2,C1[C@H]([C@@H]([C@@H](C(O1)(CO)O)O)O)O
NC(=O)Cn1cc(N)ccc1=O,19404022,167.168,-1.084,AAAA.txt,0.2571428571428571,C1=CC(=CC=C1N)S(=O)(=O)O
COC(=O)[C@H]1C[C@H](O)CN1,53993790,145.158,-1.118,AAAA.txt,0.21951219512195122,CC1CC(CCC1C(=O)OC(C)(C)C)Cl
C[C@@H]1[C@H](C(=O)O)[C@@H](O)C(=O)N1C,669371564,173.168,-1.091,AAAA.txt,0.23076923076923078,CCC(=O)C1C(=O)CC(CC1=O)C(=O)O
NC12CC(C1)C(=O)NC2=O,1857787463,140.142,-1.25,AAAA.txt,0.27586206896551724,C1C=CCC2C1C(=O)NC2=O
C[C@@H]1NC(=O)[C@H](CO)N(C)C1=O,3131432,172.184,-1.676,AAAA.txt,0.23529411764705882,C(N1C2C(N(C1=O)CO)N(C(=O)N2CO)CO)O
C[C@H](O)CNCCO,1556607,119.164,-1.051,AAAA.txt,0.2916666666666667,C[N+](C)(C)CCO.[Cl-]
CN(C)C(=O)[C@H]1C[C@H](O)CN1,20434468,158.201,-1.203,AAAA.txt,0.2,C1C2C(CC(C1O)O)C(=O)NC2=O
O=C1NS(=O)(=O)[C@@H]2CCCN[C@H]12,306575900,190.224,-1.433,AAAA.txt,0.21875,C1CNC(=O)NC1
NC(=O)CN1C[C@@H](O)CC1=O,3792328,158.157,-1.935,AAAA.txt,0.23333333333333334,C(C(=O)N)F
Cn1c(=O)[nH]cc(C(=O)O)c1=O,1708314,170.124,-1.228,AAAA.txt,0.2558139534883721,C1=C(C(=O)C(=C(N1)C(=O)O)Cl)C(F)(F)F
OC[C@@H]1NC[C@@H]2CNC[C@H]21,197586711,142.202,-1.214,AAAA.txt,0.14285714285714285,CC1CNC(=S)N1
NC(=O)CN1CCNCC1=O,97922857,157.173,-2.097,AAAA.txt,0.22580645161290322,C(C(=O)N)F
O=C(O)[C@H]1NCCNC1=O,15442541,144.13,-1.841,AAAA.txt,0.25,C1CNC(=O)NC1
O=C1CNC(=O)[C@H](Cc2c[nH]cn2)N1,4899714,194.194,-1.433,AAAA.txt,0.19047619047619047,C1C=CCC2C1C(=O)NC2=O
NCC1CN(C(N)=O)C1,84987079,129.163,-1.044,AAAA.txt,0.24,C(C(=O)N)F
NCCN(CCN)N(O)N=O,3870869,163.181,-1.507,AAAA.txt,0.2222222222222222,CN(CCCN)CCCN
COC(=O)[C@@H]1CNCCN1,38201999,144.174,-1.279,AAAA.txt,0.19047619047619047,CC1CC(CCC1C(=O)OC(C)(C)C)Cl
CN1CC(=O)N=C1N,967189,113.12,-1.227,AAAA.txt,0.27586206896551724,CN1CCCC1=O
O=C1C[C@@](O)(C(=O)O)C[C@@H](O)[C@@H]1O,4095505,190.151,-2.113,AAAA.txt,0.2647058823529412,C1C2C(CC(C1O)O)C(=O)NC2=O
O=C1NC[C@H](CO)N1,59636943,116.12,-1.34,AAAA.txt,0.25925925925925924,C1CNC(=O)NC1
C[C@H](O)[C@@H]1NC(=O)NC1=O,32627962,144.13,-1.425,AAAA.txt,0.2903225806451613,C1C2C(CC(C1O)O)C(=O)NC2=O
NC(=O)[C@H]1NCC[C@@H]1O,39094903,130.147,-1.806,AAAA.txt,0.24242424242424243,C1C=CCC(C1C(=O)N)C(=O)O
CN1C(=O)C(=O)N(CC(=O)O)C1=O,22150310,186.123,-1.508,AAAA.txt,0.25,C1=NN(C=N1)CC(=O)O
OC[C@@H]1NC[C@H]2CNC[C@H]21,197586702,142.202,-1.214,AAAA.txt,0.14285714285714285,CC1CNC(=S)N1
N[C@]1(C(=O)O)CCCS(=O)(=O)C1,68939483,193.224,-1.023,AAAA.txt,0.22580645161290322,C1CCC(=C(C1)C(=O)O)C(=O)O
O=C(O)[C@H]1C(=CCO)O[C@@H]2CC(=O)N21,1857524328,199.162,-1.096,AAAA.txt,0.2391304347826087,CCC(=O)C1C(=O)CC(CC1=O)C(=O)O
O=S1(=O)CC[C@@H](NCCO)C1,3865780,179.241,-1.245,AAAA.txt,0.15555555555555556,C1CCC(C1)NC(=O)NC2=CC=CC=C2
N[C@@H](CO)C1COC1,107395547,117.148,-1.048,AAAA.txt,0.2,C1[C@H]([C@@H]([C@@H](C(O1)(CO)O)O)O)O
CN1C(=O)[C@H]2CNCCN2C1=O,72314732,169.184,-1.148,AAAA.txt,0.2222222222222222,CN1CCCC1=O
NCC1(O)CCS(=O)(=O)CC1,42333180,179.241,-1.115,AAAA.txt,0.1794871794871795,CC1=C(S(=O)(=O)CCO1)C(=O)N
Nc1c(O)c(=O)c1=O,100336074,113.072,-1.43,AAAA.txt,0.2413793103448276,C1=C(N=C(NC1=O)N)O
CN(C)C[C@]1(CO)COCCN1,585138779,174.244,-1.101,AAAA.txt,0.2222222222222222,CC1(COCN1)C
O=C1NCNC12CCNCC2,95635317,155.201,-1.215,AAAA.txt,0.25,C1CNC(=O)NC1
O=C1CN[C@H](C(=O)O)CN1,76576478,144.13,-1.841,AAAA.txt,0.23684210526315788,CCC(=O)C1C(=O)CC(CC1=O)C(=O)O
O=C(O)Cc1c[nH]c(=O)[nH]c1=O,1678487,170.124,-1.31,AAAA.txt,0.2682926829268293,C1=CC=C2C(=C1)C(=C(C(=O)C2=O)CC(=O)O)O
O=S1(=O)CC[C@@H](CO)N1,60107381,151.187,-1.33,AAAA.txt,0.18181818181818182,C1C2C(CC(C1O)O)C(=O)NC2=O
CC(=O)NCCS(N)(=O)=O,40223355,166.202,-1.589,AAAA.txt,0.24,C(=O)(N)N.OS(=O)(=O)O
O=S1(=O)C[C@H](O)[C@@H](O)C1,1083909,152.171,-1.863,AAAA.txt,0.24,C1C2C(CC(C1O)O)C(=O)NC2=O
NCCNCCO,6021259,104.153,-1.473,AAAA.txt,0.2857142857142857,CCCCNCCCC
COC[C@H](N)C(N)=O,45507028,118.136,-1.555,AAAA.txt,0.2916666666666667,COCCO
O[C@@H]1OCCO[C@H]1O,1688096,120.104,-1.33,AAAA.txt,0.25,CC1CO1
O=C(O)[C@H]1C[C@H](P(=O)(O)O)CN1,206240683,195.111,-1.021,AAAA.txt,0.2413793103448276,CP(=O)(C(=O)O)O
COC(=O)[C@H]1CCS(=O)(=O)CN1,1772718208,193.224,-1.106,AAAA.txt,0.22448979591836735,COC(=O)C1=C(C(=NC(=N1)C2CC2)N)Cl
NCC(=O)NCC(=O)NCC(N)=O,2561024,188.187,-3.337,AAAA.txt,0.2916666666666667,C(C(=O)N)F
OC[C@H]1O[C@H](O)[C@@](O)(CO)[C@@H]1O,14491818,180.156,-3.22,AAAA.txt,0.29411764705882354,C1[C@H]([C@@H]([C@@H](C(O1)(CO)O)O)O)O
C[C@H](N)C(=O)N[C@@H](CO)C(=O)O,1575549,176.172,-2.105,AAAA.txt,0.2962962962962963,C[C@@H](C(=O)O)O
OC[C@@H]1NC[C@H](O)[C@H](O)[C@@H]1O,1618046,163.173,-2.967,AAAA.txt,0.2647058823529412,C1[C@H]([C@@H]([C@@H](C(O1)(CO)O)O)O)O
CO[C@H]1CNC[C@H]1O,33992079,117.148,-1.035,AAAA.txt,0.1935483870967742,CC1CNC(=S)N1
OC[C@H](O)[C@H](O)[C@H](O)[C@H](O)CO,17836367,182.172,-3.585,AAAA.txt,0.25,CC(CO)OC
OC[C@@H]1CN[C@H](CO)C1,221662244,131.175,-1.051,AAAA.txt,0.15625,C1C2C(CC(C1O)O)C(=O)NC2=O
Cn1nnc(C(N)=O)c1N,1417949,141.134,-1.504,AAAA.txt,0.275,CN1C=C(C(=N1)C(F)(F)F)C(=O)N
COCCn1c(N)cc(=O)[nH]c1=O,1913487,185.183,-1.235,AAAA.txt,0.2765957446808511,CCCN1C(=O)C2=CC=CC=C2NC1=O
O=C([C@@H](O)[C@H](O)CO)[C@H](O)CO,8551361,180.156,-3.377,AAAA.txt,0.23076923076923078,C(O)[P+](CO)(CO)CO.C(O)[P+](CO)(CO)CO.[O-]S(=O)(=O)[O-]
CN(C)C(=O)CON,78676647,118.136,-1.035,AAAA.txt,0.2571428571428571,C/C(=C\C(=O)N(C)C)/OP(=O)(OC)OC
O[C@H]1[C@@H](O)[C@@H](O)[C@@H]2O[C@@H]2[C@@H]1O,13551289,162.141,-2.789,AAAA.txt,0.21875,C(C1[C@H]([C@H](C([C@H](O1)O[C@H]2[C@H](C([C@H](OC2CO)O)O)O)O)O)O)O
O=C1CC[C@H](C2(O)CNC2)N1,2325898425,156.185,-1.401,AAAA.txt,0.22857142857142856,C1C2C(CC(C1O)O)C(=O)NC2=O
CNC[C@H](O)[C@H](O)[C@H](O)[C@@H](O)CO,9231862,195.215,-3.358,AAAA.txt,0.2222222222222222,CC(CO)OC
NC(=O)[C@@H]1C[C@@H](O)C[C@H](C(N)=O)N1,247752368,187.199,-2.562,AAAA.txt,0.25806451612903225,C1C=CCC(C1C(=O)N)C(=O)O
C[C@@H]1NC(=O)CNC1=O,4899706,128.131,-1.379,AAAA.txt,0.26666666666666666,CC1CNC(=S)N1
OCC(CO)CO,2557032,106.121,-1.421,AAAA.txt,0.29411764705882354,CC(CO)OC
C[n+]1cn(N)cn1,3132317,99.117,-1.579,AAAA.txt,0.17073170731707318,CC1=C2C(=CC=C1)SC3=NN=CN23
C[n+]1cc(=N)o[nH]1,6184086,100.101,-1.088,AAAA.txt,0.18518518518518517,C[N+]1=CC=C(C=C1)C2=CC=[N+](C=C2)C
O[C@H]1[C@H](O)[C@@H](O)[C@@H]2OC[C@H]1O2,3881595,162.141,-2.176,AAAA.txt,0.2727272727272727,C1[C@H]([C@@H]([C@@H](C(O1)(CO)O)O)O)O
Cn1nc(N)n(C)c1=O,96577864,128.135,-1.299,AAAA.txt,0.2647058823529412,CN1C=NC2=C1C(=O)N(C(=O)N2C)C
NC(=O)c1cncn1N,88189582,126.119,-1.304,AAAA.txt,0.25,CN1C=C(C(=N1)C(F)(F)F)C(=O)N
CN1CCN[C@H](CCO)C1=O,108284313,158.201,-1.201,AAAA.txt,0.25,CN1CCCC1=O
O=C(CO)N1CCC[C@H]1CO,79315247,159.185,-1.038,AAAA.txt,0.17647058823529413,C(N1C2C(N(C1=O)CO)N(C(=O)N2CO)CO)O
C1NCC23CNCC12CNC3,75540387,153.229,-1.231,AAAA.txt,0.19047619047619047,CC1(COCN1)C
NC(=O)[C@@H]1CCC(=O)N1,4403946,128.131,-1.25,AAAA.txt,0.2647058823529412,C1CC(=C(C1O)C(=O)O)N
Cn1ncnc1C[C@H](N)C(N)=O,83971410,169.188,-1.83,AAAA.txt,0.29545454545454547,C1=NN(C=N1)CC(C(=O)O)N
N[C@H]1CCS(=O)(=O)[C@H](C(=O)O)C1,257888547,193.224,-1.025,AAAA.txt,0.2571428571428571,C1C=CCC(C1C(=O)N)C(=O)O
NC(=O)c1nc[nH]n1,11612727,112.092,-1.096,AAAA.txt,0.25,C1=CC(=C(C(=C1)F)C(=O)N)F
C[C@](O)(CN)CO,88189535,105.137,-1.312,AAAA.txt,0.21212121212121213,CCOC1=CC=C(C=C1)C(C)(C)CO
NC1CS(=O)(=O)C1,62712735,121.161,-1.258,AAAA.txt,0.22580645161290322,C1C2C(COS(=O)(=O)O1)C3(C(=C(C2(C3(Cl)Cl)Cl)Cl)Cl)Cl
CC(=O)N[C@](C)(CO)C(=O)O,1599667,161.157,-1.042,AAAA.txt,0.24,C(=O)(C(F)(F)F)O
NCCN[C@@H]1CC(=O)NC1=O,36853653,157.173,-2.05,AAAA.txt,0.22857142857142856,C1C=CCC2C1C(=O)NC2=O
COC[C@@H](ON)C(=O)O,232391585,135.119,-1.024,AAAA.txt,0.28,C[C@@H](C(=O)O)O
NCc1n[nH]c(O)n1,31425168,114.108,-1.031,AAAA.txt,0.2,C1=C(N=C(NC1=O)N)O
O[C@H]1[C@H](O)[C@@H](O)[C@H](O)[C@@H](O)[C@H]1O,100018867,180.156,-3.835,AAAA.txt,0.17857142857142858,C(C1[C@H]([C@H](C([C@H](O1)O[C@H]2[C@H](C([C@H](OC2CO)O)O)O)O)O)O)O
NNc1nnc(N)c2nonc12,4343426,167.132,-1.119,AAAA.txt,0.15384615384615385,C1(=NC(=NC(=N1)N)N)N
Nc1nc(N)c2ncn(CCO)c2n1,716062057,194.198,-1.017,AAAA.txt,0.22580645161290322,C1(=NC(=NC(=N1)N)N)N
Cn1nnnc1S(C)(=O)=O,33944570,162.174,-1.386,AAAA.txt,0.22857142857142856,CC1=CC(=CC(=C1S(=O)(=O)C)C)OC
NC[C@@H](O)CC(=O)O,901808,119.12,-1.219,AAAA.txt,0.2727272727272727,C[C@@H](C(=O)O)O
OC[C@@H]1O[C@@H](O)C[C@H]1O,26892782,134.131,-1.553,AAAA.txt,0.2702702702702703,C(C1[C@H]([C@H](C([C@H](O1)O[C@H]2[C@H](C([C@H](OC2CO)O)O)O)O)O)O)O
O=c1ccc(O)nn1-c1nnn[nH]1,6622460,180.127,-1.549,AAAA.txt,0.21428571428571427,CCOP(=S)(OCC)OC1=NN(C(=O)C=C1)C2=CC=CC=C2
N[C@H]1CS(=O)(=O)N=C1O,29208475,150.159,-1.386,AAAA.txt,0.1794871794871795,C1C2C(COS(=O)(=O)O1)C3(C(=C(C2(C3(Cl)Cl)Cl)Cl)Cl)Cl
C[C@@H](O)Cn1ccc(=O)[nH]c1=O,83677619,170.168,-1.083,AAAA.txt,0.2608695652173913,CCCN1C(=O)C2=CC=CC=C2NC1=O
OC[C@@H]1CNC[C@H](O)[C@H]1O,1484929,147.174,-2.08,AAAA.txt,0.22857142857142856,C1[C@H]([C@@H]([C@@H](C(O1)(CO)O)O)O)O
O=C1NCCO[C@@H]1CO,204370431,131.131,-1.506,AAAA.txt,0.23529411764705882,C1C2C(CC(C1O)O)C(=O)NC2=O
OC[C@H]1N[C@H](CO)[C@@H](O)[C@@H]1O,1492230,163.173,-2.967,AAAA.txt,0.2,C(C1[C@H]([C@H](C([C@H](O1)O[C@H]2[C@H](C([C@H](OC2CO)O)O)O)O)O)O)O
B1=BB=[Si]=B1,257354984,71.334,-1.904,AAAA.txt,0.07692307692307693,O[Cr](=O)(=O)O
CC(=O)N[C@@H](CCC(N)=O)C(=O)O,2019886,188.183,-1.159,AAAA.txt,0.2413793103448276,C[C@@H](C(=O)O)O
NCc1n[nH]c(N)nc1=O,77028820,141.134,-1.794,AAAA.txt,0.275,CCCCC1=C(N=C(NC1=O)N)C
CCOC(=O)[C@@H](N)CS(C)(=O)=O,1772774469,195.24,-1.079,AAAA.txt,0.27906976744186046,CCOC(=O)CC(C(=O)OCC)SP(=S)(OC)OC
CN(C)C[C@@H](N)CO,78724886,118.18,-1.132,AAAA.txt,0.25806451612903225,CCCN(CC)CC(CO)O
N[C@]1(c2nnn[nH]2)CCOC1,70993429,155.161,-1.226,AAAA.txt,0.15789473684210525,CC1(COCN1)C
O=C1CS(=O)(=O)N=C(O)N1,71774318,164.142,-1.64,AAAA.txt,0.23333333333333334,C1CCC2=C(C1)C(=O)NC2=O
O[C@H]1[C@@H](O)[C@H]2CO[C@H](O2)[C@@H]1O,13543680,162.141,-2.176,AAAA.txt,0.2727272727272727,C1[C@H]([C@@H]([C@@H](C(O1)(CO)O)O)O)O
NN1C(=O)CNC1=O,6613373,115.092,-1.588,AAAA.txt,0.25806451612903225,CC1=NNC(=O)N(C1)N
OC[C@H](O)[C@@H](O)[C@H](O)[C@H](O)CO,18279893,182.172,-3.585,AAAA.txt,0.25,CC(CO)OC
N[C@H]1CNC[C@@H]1O,38462348,102.137,-1.722,AAAA.txt,0.21428571428571427,C1C2C(CC(C1O)O)C(=O)NC2=O
CCC[C@@H](N)[C@@H](O)C(N)=O,21993522,146.19,-1.04,AAAA.txt,0.26666666666666666,CCCCCCC(C)O
CNC(=O)C[C@@H]1NCCNC1=O,85205433,171.2,-1.79,AAAA.txt,0.23255813953488372,CNC(=O)CSP(=O)(OC)OC
Cn1c(=O)[nH]c2nc(O)[nH]c(=O)c21,1845978,182.139,-1.345,AAAA.txt,0.225,C1=C(N=C(NC1=O)N)O
NC1=NC(=O)C2=NC=NC2=N1,3640894,149.113,-1.277,AAAA.txt,0.2222222222222222,CC1=NC(=NC(=O)N1)N
OC[C@@H]1CNCCO1,4202629,117.148,-1.033,AAAA.txt,0.15789473684210525,C1[C@H]([C@@H]([C@@H](C(O1)(CO)O)O)O)O
O=C(O)[C@H]1CNCCS(=O)(=O)C1,307357343,193.224,-1.295,AAAA.txt,0.225,CCC(=O)C1C(=O)CC(CC1=O)C(=O)O
CN1CC[C@H](S(N)(=O)=O)C1=O,157457524,178.213,-1.494,AAAA.txt,0.28125,CN1CCCC1=O
O=C1CCN2C(=O)CNC[C@@H]2CN1,2325712148,183.211,-1.693,AAAA.txt,0.21621621621621623,CN1CCCC1=O
Cn1nnnc1N1CCNCC1,3716147,168.204,-1.38,AAAA.txt,0.16666666666666666,CN1CCCC1
Cn1nc2n(c(=O)c1=O)CCNC2,1857780551,182.183,-1.955,AAAA.txt,0.21621621621621623,CN1CCCC1=O
O[C@H]1CC2(CNC2)OC[C@H]1O,1857780567,159.185,-1.53,AAAA.txt,0.2857142857142857,C1[C@H]([C@@H]([C@@H](C(O1)(CO)O)O)O)O
COC(CS(N)(=O)=O)OC,141736821,169.202,-1.106,AAAA.txt,0.2608695652173913,CN(C)S(=O)(=O)N
O=C(CO)[C@@H](O)[C@H](O)CO,100028356,150.13,-2.738,AAAA.txt,0.25,CCC(C(C)CC(C)C(=O)CC)O
CO[C@@H]1CN[C@H](C(N)=O)C1,40630795,144.174,-1.151,AAAA.txt,0.21621621621621623,C1C=CCC(C1C(=O)N)C(=O)O
OCC1(CO)CCNC1,104695062,131.175,-1.049,AAAA.txt,0.17142857142857143,C1[C@H]([C@@H]([C@@H](C(O1)(CO)O)O)O)O
Cn1nnnc1CN,34155589,113.124,-1.331,AAAA.txt,0.17073170731707318,CC1=NN=C(C(=O)N1N)C2=CC=CC=C2
OCCNC1COC1,82488003,117.148,-1.033,AAAA.txt,0.2,C1[C@H]([C@@H]([C@@H](C(O1)(CO)O)O)O)O
OC[C@H]1O[C@H](O)C[C@H]1O,5600736,134.131,-1.553,AAAA.txt,0.2702702702702703,C(C1[C@H]([C@H](C([C@H](O1)O[C@H]2[C@H](C([C@H](OC2CO)O)O)O)O)O)O)O
CN(C)[C@H]1CNC[C@@H]1O,23094266,130.191,-1.119,AAAA.txt,0.20833333333333334,CN(C)C(=S)[S-]
OC[C@H]1CCNC[C@H]1O,34598912,131.175,-1.051,AAAA.txt,0.1891891891891892,C1[C@H]([C@@H]([C@@H](C(O1)(CO)O)O)O)O
NC(=O)CN1CCC[C@H](N)C1,19421994,157.217,-1.105,AAAA.txt,0.23333333333333334,C(C(=O)N)F
Cc1c(N)n(C)c(=O)[nH]c1=O,2576756,155.157,-1.036,AAAA.txt,0.2727272727272727,CC1=NC(=NC(=O)N1)N
NN[C@@H]1CS(=O)(=O)C[C@H]1O,19168263,166.202,-2.392,AAAA.txt,0.18181818181818182,C1C2C(CC(C1O)O)C(=O)NC2=O
O[C@H]1[C@H](O)C[C@@H](O)[C@@H](O)[C@@H]1O,100055342,164.157,-2.805,AAAA.txt,0.2608695652173913,C1C2C(CC(C1O)O)C(=O)NC2=O
O=C(O)C[C@@H]1NC(=O)CNC1=O,4899709,172.14,-1.924,AAAA.txt,0.2222222222222222,C1C2C(CC(C1O)O)C(=O)NC2=O
O[C@H]1COC[C@H]1O,2025033,104.105,-1.262,AAAA.txt,0.25925925925925924,C1[C@H]([C@@H]([C@@H](C(O1)(CO)O)O)O)O
O=C(O)[C@@H]1NC[C@H]2CNC[C@@H]21,1857786656,156.185,-1.122,AAAA.txt,0.19444444444444445,C1C=CCC(C1C(=O)N)C(=O)O
NC[C@@H]1CCS(=O)(=O)N1,238562247,150.203,-1.363,AAAA.txt,0.15384615384615385,C(C[O-])N.C(C[O-])N.[Cu+2]
O=[N+]([O-])O[C@@H]1CO[C@@H]2[C@@H](O)CO[C@H]12,1849548,191.139,-1.278,AAAA.txt,0.18867924528301888,CN=C(NCC1CCOC1)N[N+](=O)[O-]
CS(=O)(=O)N[C@H]1CCNC1,36284482,164.23,-1.103,AAAA.txt,0.17142857142857143,CC1CNC(=S)N1
N[C@H]1C[C@@H](N)[C@H](O)[C@@H](O)[C@@H]1O,100068225,162.189,-2.873,AAAA.txt,0.23255813953488372,C[C@@H]1[C@H](C[C@@H]([C@H](O1)OC2[C@@H]([C@H](C([C@@H]([C@@H]2O)O)O)O)O)N)N=C(C(=O)O)N
O=CN1CCN(C=O)CC1,388301,142.158,-1.083,AAAA.txt,0.23076923076923078,C(=O)C=O
N[C@@H]1CCn2nnnc2C1,18558689,139.162,-1.053,AAAA.txt,0.15384615384615385,C1CC1NC2=NC(=NC(=N2)N)N
CC(CN)(CN)CN,2570186,117.196,-1.131,AAAA.txt,0.23076923076923078,CC(Cl)(Cl)Cl
Nc1nnc(NCCO)[nH]1,85420714,143.15,-1.209,AAAA.txt,0.21052631578947367,C1=C(N=C(NC1=O)N)O
N[C@@H](CO)C(=O)N[C@@H](CO)C(=O)O,2556659,192.171,-3.132,AAAA.txt,0.25,C1=NN(C=N1)CC(C(=O)O)N
C[C@@]1(CO)CNCCN1,104710025,130.191,-1.07,AAAA.txt,0.23333333333333334,CC1(COCN1)C
CN(C)C(=N)NC(=N)N,12859773,129.167,-1.034,AAAA.txt,0.28,CCN(CC)C(=N)N
Nc1nncn1N,4152201,99.097,-1.426,AAAA.txt,0.21621621621621623,CC1=NN=C(C(=O)N1N)C2=CC=CC=C2
OC[C@H](O)[C@@H](O)CO,895271,122.12,-2.307,AAAA.txt,0.2777777777777778,CC(CO)OC
O[I+3](O)(O)O,1857524332,194.932,-5.224,AAAA.txt,0.16666666666666666,[Al]#P
NCCN[C@@H]1CS(=O)(=O)C[C@H]1O,19203476,194.256,-2.307,AAAA.txt,0.16666666666666666,C(C[O-])N.C(C[O-])N.[Cu+2]
NC[C@@H]1C[C@@H](O)CN1,83339420,116.164,-1.332,AAAA.txt,0.1875,C1C2C(CC(C1O)O)C(=O)NC2=O
O=C(C[C@@H]1NCCNC1=O)NC1CC1,95117667,197.238,-1.257,AAAA.txt,0.23404255319148937,C1CCC(C1)NC(=O)NC2=CC=CC=C2
CCOC(=O)Cn1nnnc1N,16951350,171.16,-1.182,AAAA.txt,0.29411764705882354,CCOC(=O)CC1=C2C=C(C=CC2=NN1)Cl
N[C@@H]1CN[C@@H](C(=O)O)C1,95093508,130.147,-1.24,AAAA.txt,0.24242424242424243,C1C=CCC(C1C(=O)N)C(=O)O
C[C@@H]1O[C@@H](N)[C@@H](O)[C@H](O)[C@@H]1O,85630011,163.173,-2.227,AAAA.txt,0.2608695652173913,C[C@@H]1[C@H](C[C@@H]([C@H](O1)OC2[C@@H]([C@H](C([C@@H]([C@@H]2O)O)O)O)O)N)N=C(C(=O)O)N
NC(=O)[C@@H](N)C[C@@H]1CCNC1=O,2325712264,171.2,-1.675,AAAA.txt,0.23684210526315788,C1C2C(CC(C1O)O)C(=O)NC2=O
CN1CCN[C@H](CO)C1,39077826,130.191,-1.118,AAAA.txt,0.2222222222222222,CN1CCCC1
O=C1C[C@H](C(=O)O)NC(=S)N1,6158188,174.181,-1.166,AAAA.txt,0.2564102564102564,CCC(=O)C1C(=O)CC(CC1=O)C(=O)O
O=C(C[C@H]1NCCNC1=O)NC1CC1,95117666,197.238,-1.257,AAAA.txt,0.23404255319148937,C1CCC(C1)NC(=O)NC2=CC=CC=C2
NC(=O)c1cnc(N)nc1N,75539919,153.145,-1.26,AAAA.txt,0.275,CN1C=C(C(=N1)C(F)(F)F)C(=O)N
CCS(=O)(=O)NC1CNC1,85256543,164.23,-1.103,AAAA.txt,0.19444444444444445,CCCCCCCCCCCCOS(=O)(=O)[O-].[Na+]
NNS(=O)(=O)C1CC1,67802518,136.176,-1.058,AAAA.txt,0.19047619047619047,[NH4+].NS(=O)(=O)[O-]
NNC[C@@H]1COCCO1,55298528,132.163,-1.135,AAAA.txt,0.20833333333333334,CN=C(NCC1CCOC1)N[N+](=O)[O-]
CS(=O)(=O)CCNN,37935192,138.192,-1.506,AAAA.txt,0.21739130434782608,CN(C)S(=O)(=O)N
NC(=O)c1nc[nH]c1C(N)=O,8294973,154.129,-1.393,AAAA.txt,0.2857142857142857,C1=CC=C2C(=C1)C(=O)NC=N2
O=C(O)CCN1CCNC(=O)C1,20000883,172.184,-1.107,AAAA.txt,0.2542372881355932,C1CCC2=C(C1)C(=O)N(C2=O)C3=C(C=C4C(=C3)N(C(=O)CO4)CCC(=O)O)F
O[C@@H]1CNC[C@H](O)C1,72231396,117.148,-1.299,AAAA.txt,0.24,C1C2C(CC(C1O)O)C(=O)NC2=O
O=C1C[C@@H]2CS(=O)(=O)C[C@@H]2N1,196250221,175.209,-1.081,AAAA.txt,0.18181818181818182,C1C=CCC2C1C(=O)NC2=O
CN(C)[C@@H]1CC(=O)NC1=O,100617237,142.158,-1.037,AAAA.txt,0.26666666666666666,C1C=CCC2C1C(=O)NC2=O
O=S1(=O)CC[C@@H]2CNCCN21,75119100,176.241,-1.006,AAAA.txt,0.16666666666666666,C1CCC(CC1)N2C(=O)C3=C(CCC3=O)NC2=O
CS(=O)(=O)N1CCO[C@@H](CN)C1,11887435,194.256,-1.395,AAAA.txt,0.18181818181818182,CCCCCCCCCCCCCN1CC(OC(C1)C)C
CCS(=O)(=O)CC[C@H](N)C(N)=O,83144579,194.256,-1.376,AAAA.txt,0.28,C(=O)(N)N.OS(=O)(=O)O
NC(=O)[C@H]1CCC(=O)NC1,39064134,142.158,-1.002,AAAA.txt,0.25,C1CC(=C(C1O)C(=O)O)NC(=O)N
CN1CCOC[C@@]1(CN)CO,575528005,160.217,-1.362,AAAA.txt,0.24242424242424243,C1COCCN1CN2CCOCC2
O=c1[nH]c(=O)n(CCO)c2nonc12,1508184,198.138,-1.935,AAAA.txt,0.24489795918367346,CCCN1C(=O)C2=CC=CC=C2NC1=O
C[S@](=O)CC[C@H](N)C(N)=O,142521815,164.23,-1.432,AAAA.txt,0.2702702702702703,CP(=O)(CCC(C(=O)[O-])N)[O-].[NH4+].[NH4+]
O=C(O)CN[C@@H]1COC[C@H]1O,306751425,161.157,-1.58,AAAA.txt,0.25,C(C(=O)O)NCP(=O)(O)[O-].C(C(=O)O)NCP(=O)([O-])[O-].[Na+].[Na+].[Na+]
O=C1CN([C@@H]2CCNC2)CCN1,42783307,169.228,-1.22,AAAA.txt,0.20588235294117646,C1CNC(=O)NC1
O=C(O)Cn1[nH]c(=O)ccc1=O,1848213,170.124,-1.379,AAAA.txt,0.28888888888888886,C1=CC2=C(C(=C1)Cl)N(C(=O)S2)CC(=O)O
NC(=O)CNC(=O)c1n[nH]cc1N,62810509,183.171,-1.793,AAAA.txt,0.24444444444444444,CC(C)NC(=O)C1=CC=CC=C1N
CNC[C@@H](NC(C)=O)C(=O)O,81163699,160.173,-1.205,AAAA.txt,0.2692307692307692,C[C@@H](C(=O)O)O
CO[C@@H]1[C@H](OC)CN[C@H]1C(N)=O,1857783203,174.2,-1.527,AAAA.txt,0.21052631578947367,C1C=CCC(C1C(=O)N)C(=O)O
C[C@H](O)CNS(C)(=O)=O,32005724,153.203,-1.084,AAAA.txt,0.25,C[C@@H](C(=O)O)O
C1NCC1N1CCN(C2COC2)CC1,686001045,197.282,-1.025,AAAA.txt,0.1724137931034483,C1COCCN1CN2CCOCC2
CO[C@@H]1O[C@@H]2[C@@H](OC(=O)[C@@H]2O)[C@@H]1O,25625384,190.151,-1.995,AAAA.txt,0.1774193548387097,COC(=O)NC1C(C(C(OC1OC2C(OC(C(C2O)N)OC3C(OC(C(C3O)N)O)CO)CO)CO)OC4C(C(C(C(O4)CO)OC5C(C(C(C(O5)CO)OC6C(C(C(C(O6)CO)OC7C(C(C(C(O7)CO)OC8C(C(C(C(O8)CO)OC9C(C(C(C(O9)CO)O)O)N)O)N)O)N)O)N)O)N)O)N)O
OC[C@@H]1C[C@@H](O)CN1,12362904,117.148,-1.299,AAAA.txt,0.1935483870967742,C1C2C(CC(C1O)O)C(=O)NC2=O
CN(CCOP(=O)(O)O)C(=N)N,2029729,197.131,-1.079,AAAA.txt,0.28125,CCN(CC)C(=N)N
OC[C@@H]1CNCC[C@H]1O,26898721,131.175,-1.051,AAAA.txt,0.1891891891891892,C1[C@H]([C@@H]([C@@H](C(O1)(CO)O)O)O)O
CCOC(=O)CS(N)(=O)=O,38136964,167.186,-1.162,AAAA.txt,0.3,CCOC(=O)CC(C(=O)OCC)SP(=S)(OC)OC
N[C@@H]1COC[C@@H]1O,26474615,103.121,-1.295,AAAA.txt,0.21875,C1[C@H]([C@@H]([C@@H](C(O1)(CO)O)O)O)O
COC[C@@](C)(N)C(N)=O,45506486,132.163,-1.165,AAAA.txt,0.24,C(C(=O)N)F
CS(=O)(=O)c1n[nH]c(N)n1,8238045,162.174,-1.21,AAAA.txt,0.25,CC1=C(C(=C(C=C1)Cl)NS(=O)(=O)C2=NC(=NN2)N)Cl
CN1[C@@H](CN)CCS1(=O)=O,238329546,164.23,-1.021,AAAA.txt,0.17857142857142858,CN1CCCC1
O=S1(=O)CCNC(O)=N1,71773645,150.159,-1.167,AAAA.txt,0.21428571428571427,C1CNC(=O)NC1
OC[C@H](O)C(O)[C@@H](O)CO,895208,152.146,-2.946,AAAA.txt,0.25,CC(CO)OC
O=C(O)C1(O)COC1,96028244,118.088,-1.168,AAAA.txt,0.25,C1CCC(=C(C1)C(=O)O)C(=O)O
COC(=O)C1(S(C)(=O)=O)CNC1,1887604132,193.224,-1.454,AAAA.txt,0.23255813953488372,COC(=O)C1=C(C=CS1)S(=O)(=O)N
CNCCCS(N)(=O)=O,84175744,152.219,-1.116,AAAA.txt,0.25,CN(C)S(=O)(=O)N
Cn1nnnc1CC(=O)O,1564367,142.118,-1.163,AAAA.txt,0.2702702702702703,CC(C)(C)C1=CC=C(C=C1)CC(=O)O
O[C@H]1SC[C@@H](O)[C@@H](O)[C@@H]1O,81968994,166.198,-1.866,AAAA.txt,0.21875,C1[C@H]([C@@H]([C@@H](C(O1)(CO)O)O)O)O
O=C(CO)[C@@H](O)[C@@H](O)[C@H](O)CO,2516866,180.156,-3.377,AAAA.txt,0.23529411764705882,CCC(C(C)CC(C)C(=O)CC)O
NS(=O)(=O)N1CC(F)C1,95726765,154.166,-1.156,AAAA.txt,0.23809523809523808,[NH4+].NS(=O)(=O)[O-]
COC(=O)Cn1cc(CCN)nn1,72155071,184.199,-1.048,AAAA.txt,0.23255813953488372,CCCCCCCCCC(=O)OC
Cn1nnc(N)n1,16954943,99.097,-1.208,AAAA.txt,0.25,C1(=NC(=NC(=N1)N)N)N
O=S1(=O)CC(O)C1,1674463,122.145,-1.224,AAAA.txt,0.19230769230769232,C1C2C(CC(C1O)O)C(=O)NC2=O
C[S@](=O)CC[C@@H](N)C(N)=O,150146422,164.23,-1.432,AAAA.txt,0.2702702702702703,CP(=O)(CCC(C(=O)[O-])N)[O-].[NH4+].[NH4+]
CN1C[C@H](N)[C@@H](O)C1,118455814,116.164,-1.38,AAAA.txt,0.21739130434782608,CN1CCCC1
CC(=O)OCC(=O)N1CCNCC1,139435527,186.211,-1.019,AAAA.txt,0.2777777777777778,CCCCCCCCCCCCOC(=O)C
O=C(O)[C@]1(O)C[C@@H](O)C1,1083812836,132.115,-1.043,AAAA.txt,0.24,C1CCC(=C(C1)C(=O)O)C(=O)O
NC1(C(=O)O)COC1,45028273,117.104,-1.201,AAAA.txt,0.24,C1CCC(=C(C1)C(=O)O)C(=O)O
O=C1C=C[C@](O)([C@@]2(O)C=CC(=O)O2)O1,71774181,198.13,-1.41,AAAA.txt,0.23076923076923078,C1=CC=C2C(=O)C=CC(=O)C2=C1
Cn1nnc2c(C(N)=O)ncn2c1=O,1482184,194.154,-2.078,AAAA.txt,0.26666666666666666,CN1C=NC2=C1C(=O)N(C(=O)N2C)C
O=C1CCNC2(CN1)COC2,584883716,156.185,-1.135,AAAA.txt,0.28125,CC1(COCN1)C
O=C1NC(=O)N2CCNC[C@@H]12,72311916,155.157,-1.49,AAAA.txt,0.24242424242424243,C1C=CCC2C1C(=O)NC2=O
C[C@@H]1O[C@H](O)[C@@H](O)[C@H](O)[C@H]1O,3954528,164.157,-2.194,AAAA.txt,0.29411764705882354,C(C1[C@H]([C@H](C([C@H](O1)O[C@H]2[C@H](C([C@H](OC2CO)O)O)O)O)O)O)O
COC(=O)C(CO)(CO)C(=O)OC,35644120,192.167,-1.697,AAAA.txt,0.27586206896551724,CCCCCCCCCC(=O)OC
O=C(O)[C@@H]1C[C@H]2O[C@H]1[C@@H](O)[C@H]2O,306392343,174.152,-1.42,AAAA.txt,0.2647058823529412,C1C=CCC(C1C(=O)N)C(=O)O
O=C1C[C@H](C(=O)O)NN1,39216605,130.103,-1.536,AAAA.txt,0.2857142857142857,CCC(=O)C1C(=O)CC(CC1=O)C(=O)O
COC(=O)Cn1cnc(CN)n1,36379958,170.172,-1.09,AAAA.txt,0.24390243902439024,CCCCCCCCCC(=O)OC
O=C1N[C@@H]2COC[C@@H]2NC1=O,1875391488,156.141,-2.0,AAAA.txt,0.24,C1CCC2=C(C1)C(=O)NC2=O
O=C1CN[C@]2(CCNC2)CCN1,2325712105,169.228,-1.172,AAAA.txt,0.22580645161290322,C1CNC(=O)NC1
CCS(=O)(=O)NCCN,7068228,152.219,-1.116,AAAA.txt,0.23529411764705882,CCNS(=O)(=O)C(C(C(C(C(C(C(C(F)(F)F)(F)F)(F)F)(F)F)(F)F)(F)F)(F)F)(F)F
NCC(=O)N[C@H](CO)C(=O)O,2111594,162.145,-2.493,AAAA.txt,0.2413793103448276,C(O)[P+](CO)(CO)CO.C(O)[P+](CO)(CO)CO.[O-]S(=O)(=O)[O-]
CC(=O)N[C@H](CO)C(=O)O,158174,147.13,-1.432,AAAA.txt,0.2916666666666667,C[C@@H](C(=O)O)O
C[C@H]1NS(=O)(=O)N(C)C1=O,1620473,164.186,-1.319,AAAA.txt,0.21428571428571427,CC(C)N1C(=O)C2=CC=CC=C2NS1(=O)=O
O=C1NC(=O)C2(CNC2)N1,113157834,141.13,-1.832,AAAA.txt,0.2413793103448276,C1C=CCC2C1C(=O)NC2=O
OC[C@@H]1CNCCN1,89223213,116.164,-1.46,AAAA.txt,0.15625,CC1CNC(=S)N1
N=C1NC(=O)CC(=O)N1,1757824,127.103,-1.443,AAAA.txt,0.25,C1CCC2=C(C1)C(=O)NC2=O
OCC[C@@H]1CN2C[C@H](O)C[C@H]2CN1,72233268,186.255,-1.224,AAAA.txt,0.16666666666666666,C1N(CN(CN1CCO)CCO)CCO
C[C@](O)(CO)[C@H](O)CO,14590537,136.147,-1.917,AAAA.txt,0.24,CC(CO)OC
O=C(O)Cn1ccc(=O)[nH]c1=O,518398,170.124,-1.379,AAAA.txt,0.2826086956521739,C1=CC2=C(C(=C1)Cl)N(C(=O)S2)CC(=O)O
CO[C@@H]1CS(=O)(=O)C[C@@H]1N,96032155,165.214,-1.243,AAAA.txt,0.1794871794871795,C1C2C(COS(=O)(=O)O1)C3(C(=C(C2(C3(Cl)Cl)Cl)Cl)Cl)Cl
O[C@H]1[C@H](O)[C@@H](O)[C@@H](O)[C@H](O)[C@H]1O,253837650,180.156,-3.835,AAAA.txt,0.17857142857142858,C(C1[C@H]([C@H](C([C@H](O1)O[C@H]2[C@H](C([C@H](OC2CO)O)O)O)O)O)O)O
O=C1C[S@](=O)CCN1,40544503,133.172,-1.135,AAAA.txt,0.28,C1CNC(=O)NC1
NCCn1cnnn1,42199365,113.124,-1.368,AAAA.txt,0.175,C1=NN(C=N1)CC(C(=O)O)N
NC1CN(CC(=O)O)C1,83635892,130.147,-1.286,AAAA.txt,0.2727272727272727,C1=NN(C=N1)CC(=O)O
COC(=O)[C@H](N)c1cn(C)nn1,259805744,170.172,-1.012,AAAA.txt,0.2608695652173913,CN1C=C(C(=N1)C(F)(F)F)C(=O)N
Cn1c2c(c(=O)n(C)c1=O)COC2=O,5670008,196.162,-1.246,AAAA.txt,0.28205128205128205,CN1C=NC2=C1C(=O)N(C(=O)N2C)C
CN1CCN(C[C@H](O)CN)CC1,19685137,173.26,-1.447,AAAA.txt,0.2692307692307692,CN1CCCC1
CNC(=O)NC[C@H]1COCCN1,234361121,173.216,-1.096,AAAA.txt,0.2641509433962264,CN=C(NCC1CCOC1)N[N+](=O)[O-]
O=C(O)[C@@H](CO)OP(=O)(O)O,3869232,186.056,-1.459,AAAA.txt,0.2692307692307692,CP(=O)(C(=O)O)O
COC(=O)CN[C@@H]1CC(=O)NC1=O,102669239,186.167,-1.836,AAAA.txt,0.25,CCCCCCCCCC(=O)OC
OCc1cn(C[C@H]2CNCCO2)nn1,1246058268,198.226,-1.241,AAAA.txt,0.15492957746478872,C1C(N(/C(=N\[N+](=O)[O-])/N1)CC2=CC(=NC=C2)Cl)O
NCc1n[nH]c(N)n1,5561246,113.124,-1.154,AAAA.txt,0.25,C1=NNC(=N1)N
COC(=O)C[C@H]1NCCNC1=O,36007030,172.184,-1.363,AAAA.txt,0.2564102564102564,CCCCCCCCCC(=O)OC
O=C1CNC[C@@H]2COCCN12,203891017,156.185,-1.183,AAAA.txt,0.2,C1C[C@@H]2[C@H]3CCCN4[C@H]3[C@@H](CCC4)CN2C(=O)C1
CN1CCN2CCNC[C@@H]2C1=O,54956950,169.228,-1.268,AAAA.txt,0.2571428571428571,CN1CCCC1=O
CC(=O)NCC[C@H](N)C(=O)O,1530424,160.173,-1.076,AAAA.txt,0.28205128205128205,C1=NN(C=N1)CC(C(=O)O)N
Cn1nnnc1CO,96515882,114.108,-1.298,AAAA.txt,0.20588235294117646,CC1=CC(=NN1CO)C
N[C@@]1(C(=O)O)CCS(=O)(=O)C1,62962978,179.197,-1.413,AAAA.txt,0.2,C1CC(=C(C1O)C(=O)O)NC(=O)N
CSC1=NC(=O)[C@H](N)C(=O)N1,207007822,173.197,-1.311,AAAA.txt,0.2857142857142857,C[C@@]1(C(=O)NC(=N1)SC)C2=CC=CC=C2
O=BOB=O,245204922,69.621,-1.068,AAAA.txt,0.2222222222222222,O=[Hg]
CNC(=O)Cn1cnc(N)n1,37730072,155.161,-1.394,AAAA.txt,0.2765957446808511,CNC(=O)C1=C(N=CC=C1)S(=O)(=O)N
CN1CCN([C@H](CO)CCN)CC1,82391604,187.287,-1.057,AAAA.txt,0.25,CN1CCCC1
NC(=O)CO[C@@H]1CCNC1,51782569,144.174,-1.15,AAAA.txt,0.23333333333333334,C(C(=O)N)F
O=S1(=O)NCCO1,95708091,123.133,-1.149,AAAA.txt,0.17142857142857143,C1C2C(COS(=O)(=O)O1)C3(C(=C(C2(C3(Cl)Cl)Cl)Cl)Cl)Cl
NCCC(=O)N[C@@H](CO)C(=O)O,4762433,176.172,-2.103,AAAA.txt,0.22580645161290322,C(O)[P+](CO)(CO)CO.C(O)[P+](CO)(CO)CO.[O-]S(=O)(=O)[O-]
NC(=O)N1CCN2C(=O)NC(=O)[C@@H]2C1,57218590,198.182,-1.699,AAAA.txt,0.23684210526315788,C1C2C(CC(C1O)O)C(=O)NC2=O
NS(=O)(=O)C1COC1,68590850,137.16,-1.326,AAAA.txt,0.25,[NH4+].NS(=O)(=O)[O-]
CNC[C@H](CO)C(=O)O,222279074,133.147,-1.101,AAAA.txt,0.2916666666666667,C[C@@H](C(=O)O)O
C[C@H](O)C[C@@H]1OC[C@@H](O)[C@H](O)[C@H]1O,40919043,192.211,-1.761,AAAA.txt,0.2702702702702703,C1[C@H]([C@@H]([C@@H](C(O1)(CO)O)O)O)O
NC[C@H](O)CC[C@@H](N)C(=O)O,1719891,162.189,-1.502,AAAA.txt,0.2972972972972973,C1=NN(C=N1)CC(C(=O)O)N
O=C(NCCO)C(=O)NCCO,1666925,176.172,-2.797,AAAA.txt,0.25925925925925924,CCNC(=O)NC(=O)C(=O)O
COC(=O)[C@@H](C)S(N)(=O)=O,42537123,167.186,-1.164,AAAA.txt,0.2972972972972973,CC(C(=NOC(=O)NC)C)S(=O)(=O)C
NOCCOCCOCCON,6292532,180.204,-1.2,AAAA.txt,0.2857142857142857,COCCOCCO
Cn1c(=O)[nH]c(=O)c2[nH]cnc21,4685854,166.14,-1.05,AAAA.txt,0.28205128205128205,C1=CC=C2C(=C1)C(=O)NC=N2
CN1CCN([C@H]2CC(=O)NC2=O)CC1,19881969,197.238,-1.351,AAAA.txt,0.2413793103448276,CN1CCCC1
N=C(NN)NCCC[C@@H](N)C(=O)O,1625381,189.219,-1.834,AAAA.txt,0.27906976744186046,C1=NN(C=N1)CC(C(=O)O)N
CC(=O)N1CN(C(C)=O)[C@H](O)[C@H]1O,39627,188.183,-1.709,AAAA.txt,0.21875,CC(=C[C@@H]1[C@H](C1(C)C)C(=O)O)C
O=C1NC[C@@H]2CNC[C@H]12,84325096,126.159,-1.048,AAAA.txt,0.27586206896551724,C1C=CCC2C1C(=O)NC2=O
NC(=O)CCN1CCNCC1,20436560,157.217,-1.233,AAAA.txt,0.25925925925925924,C(C(=O)N)F
COC1(CN)CS(=O)(=O)C1,258522625,165.214,-1.241,AAAA.txt,0.15384615384615385,C(C[O-])N.C(C[O-])N.[Cu+2]
COC(=O)c1nnn2c1C(=O)NCC2,96032990,196.166,-1.192,AAAA.txt,0.2641509433962264,COC(=O)C1=C(C(=NC(=N1)C2CC2)N)Cl
NC(=O)c1cnc[nH]c1=O,8672865,139.114,-1.131,AAAA.txt,0.2702702702702703,C1=CC=C2C(=C1)C(=O)NC=N2
Nn1c(S)nnc1CO,5454352,146.175,-1.227,AAAA.txt,0.16666666666666666,CC1=NN=C(C(=O)N1N)C2=CC=CC=C2
NC1(CO)CC(O)C1,215572500,117.148,-1.169,AAAA.txt,0.25,C1[C@H]([C@@H]([C@@H](C(O1)(CO)O)O)O)O
OC[C@@H]1NC[C@@H](O)[C@H]1O,1492231,133.147,-2.328,AAAA.txt,0.23529411764705882,C1[C@H]([C@@H]([C@@H](C(O1)(CO)O)O)O)O
O=[Sn](O)O,242400340,168.724,-1.614,AAAA.txt,0.2,C(=O)(N)N
COC(=O)[C@H](O)CC(=O)O,14585674,148.114,-1.005,AAAA.txt,0.2916666666666667,C[C@@H](C(=O)O)O
O=C(O)[C@@H](F)C1(O)CNC1,1775955415,149.121,-1.257,AAAA.txt,0.24,C(C(=O)O)(Cl)Cl
O=C1[C@@H](O)[C@@H](O)[C@H](O)[C@H](O)[C@H]1O,100635472,178.14,-3.626,AAAA.txt,0.24,C1C2C(CC(C1O)O)C(=O)NC2=O
O[C@H]1CNC[C@@H](O)[C@H]1O,104595290,133.147,-2.328,AAAA.txt,0.24,C1C2C(CC(C1O)O)C(=O)NC2=O
CN1CCN(CC(N)=O)CC1,23253654,157.217,-1.281,AAAA.txt,0.2916666666666667,CN1CCCC1
CS(=O)(=O)NCCN,19277151,138.192,-1.506,AAAA.txt,0.21739130434782608,CN(C)S(=O)(=O)N
COC(=O)CN1CCN[C@H](C)C1=O,19089415,186.211,-1.02,AAAA.txt,0.23809523809523808,CCCCCCCCCC(=O)OC
O=C1N[C@@H](CO)C(=O)N[C@H]1CO,1567236,174.156,-3.046,AAAA.txt,0.28,C(N1C2C(N(C1=O)CO)N(C(=O)N2CO)CO)O
CN(C)C(=O)[C@@H](N)CO,39077944,132.163,-1.606,AAAA.txt,0.2571428571428571,CP(=O)(CCC(C(=O)[O-])N)[O-].[NH4+].[NH4+]
N[C@@H](Cc1cc(=O)[nH]c(=O)[nH]1)C(=O)O,6523967,199.166,-1.982,AAAA.txt,0.275,C1=C(N=C(NC1=O)N)O
CNS(=O)(=O)[C@@H](C)CN,82631872,152.219,-1.117,AAAA.txt,0.2608695652173913,CCC(C)N
O=C1CNC(=O)[C@@]2(CCOC2)N1,409429521,170.168,-1.609,AAAA.txt,0.18518518518518517,CC1=CC(=C(C=C1)C)C2(C(=O)C3(CCC(=O)CC3)NC2=O)O
CNS(=O)(=O)NCC(=O)O,164297540,168.174,-1.875,AAAA.txt,0.2857142857142857,C[S+](C)C.C(C(=O)O)NCP(=O)(O)[O-]
NC(=O)N[C@H]1C=CS(=O)(=O)C1,4954781,176.197,-1.035,AAAA.txt,0.22580645161290322,C(=O)(N)NC(=O)O
N[C@@H]1COCCNC1=O,217805595,130.147,-1.54,AAAA.txt,0.2413793103448276,C1CNC(=O)NC1
CN1CC2(N)CN(C)CC(N)(C1)C2,85699396,184.287,-1.338,AAAA.txt,0.25,CN1CCCC1
CO[C@@H]1CNC[C@@H](CO)O1,72179439,147.174,-1.06,AAAA.txt,0.1935483870967742,COCCO
O=C(O)[C@@H]1C[C@H](P(=O)(O)O)CN1,35034910,195.111,-1.021,AAAA.txt,0.2413793103448276,CP(=O)(C(=O)O)O
Cn1c(=O)[nH]c(=O)c2[nH]c(CO)nc21,13284834,196.166,-1.558,AAAA.txt,0.22448979591836735,CCCN1C(=O)C2=CC=CC=C2NC1=O
[BH3-]N(C)C,255187693,57.913,-1.172,AAAA.txt,0.25,CN(C)C=O
NN[C@H]1CS(=O)(=O)C[C@H]1O,19168322,166.202,-2.392,AAAA.txt,0.18181818181818182,C1C2C(CC(C1O)O)C(=O)NC2=O
NCCOCCN1C(=O)C=CC1=O,95883742,184.195,-1.113,AAAA.txt,0.23076923076923078,C1=CC(=CC=C1O)OC2=CC=C(C=C2)OCCN
O=C(O)[C@H]1NC[C@@H]2[C@H](C(=O)O)[C@H]12,3995766,171.152,-1.01,AAAA.txt,0.2702702702702703,CCN(C)C.C1CC2C(C(C1O2)C(=O)O)C(=O)O
NC(=O)C1=NCCN1,1235121,113.12,-1.527,AAAA.txt,0.24324324324324326,CC1=C(SC(=C1C(=O)N)[Si](C)(C)C)C
COC(=O)[C@@H](N)CCS(N)(=O)=O,87722795,196.228,-1.835,AAAA.txt,0.2619047619047619,COC(=O)C1=C(C=CS1)S(=O)(=O)N
NC(=O)C[C@@H]1CNC[C@H]1O,215395199,144.174,-1.558,AAAA.txt,0.25925925925925924,C(C(=O)N)F
O[C@H]1[C@H]2C[C@H](NN2)[C@H]1O,1775954845,130.147,-2.043,AAAA.txt,0.24,C1C2C(CC(C1O)O)C(=O)NC2=O
NC(CO)CO,1609469,91.11,-1.702,AAAA.txt,0.2631578947368421,CC(CO)OC
N[C@]1(C(=O)O)CCNC1,19851354,130.147,-1.238,AAAA.txt,0.20689655172413793,C1CCC(=C(C1)C(=O)O)C(=O)O
Nc1nnc(CN2CCNCC2)[nH]1,51658824,182.231,-1.208,AAAA.txt,0.18,C1CN(C(=N1)N)CC2=CN=C(C=C2)Cl
CN(C)[C@]1(C(N)=O)CCNC1,213752622,157.217,-1.235,AAAA.txt,0.19230769230769232,C(=O)(N)N
OCC1CNNC1,200043123,102.137,-1.297,AAAA.txt,0.17391304347826086,C1N(CN(CN1CCO)CCO)CCO
CN1CCN([C@@H]2COC[C@H]2N)CC1,149647383,185.271,-1.04,AAAA.txt,0.25925925925925924,CN1CCCC1
N[C@@H]1CS(=O)(=O)C[C@H]1O,19300962,151.187,-1.897,AAAA.txt,0.2,C1C2C(CC(C1O)O)C(=O)NC2=O
NC[C@@H]1CNCCO1,1296004,116.164,-1.067,AAAA.txt,0.15384615384615385,CC1CO1
N[C@@H]1CNC[C@H]1N,39118123,101.153,-1.756,AAAA.txt,0.20833333333333334,CC1CNC(=S)N1
O=C(O)[C@H]1CCS(=O)(=O)N1,12649690,165.17,-1.237,AAAA.txt,0.21052631578947367,CCN(C)C.C1CC2C(C(C1O2)C(=O)O)C(=O)O
NC(=S)Cn1ccc(=O)[nH]c1=O,20434701,185.208,-1.177,AAAA.txt,0.23404255319148937,COC(=O)NC(=S)NC1=CC=CC=C1NC(=S)N
Cn1c(CCN)noc1=O,83267833,143.146,-1.126,AAAA.txt,0.22857142857142856,CC1=CC=C(C=C1)CCN
O=C(O)[C@H]1Cn2cnnc2CN1,575468483,168.156,-1.166,AAAA.txt,0.20454545454545456,C1=NN(C=N1)CC(=O)O
NC[C@H](O)CC[C@H](N)C(=O)O,1719890,162.189,-1.502,AAAA.txt,0.2972972972972973,C1=NN(C=N1)CC(C(=O)O)N
C[C@@H]1COCCN1S(N)(=O)=O,35237132,180.229,-1.089,AAAA.txt,0.21875,C1COCCN1CN2CCOCC2
O=C(O)C[C@H]1NC(=O)NC1=O,901817,158.113,-1.331,AAAA.txt,0.24242424242424243,C1C2C(CC(C1O)O)C(=O)NC2=O
C[C@@H](NC(=O)Cn1cnnn1)C(=O)O,19470967,199.17,-1.738,AAAA.txt,0.26666666666666666,CC(C(=O)O)NC1=NC(=NC(=N1)N)N
COC(=O)[C@@H]1C[C@@H](N)CS1(=O)=O,257871435,193.224,-1.326,AAAA.txt,0.20930232558139536,CC1CC(CCC1C(=O)OC(C)(C)C)Cl
N[C@@H]1[C@H](C(=O)O)[C@@H]2C[C@H]1[C@@H](O)[C@H]2O,1857783398,187.195,-1.614,AAAA.txt,0.23684210526315788,CCN(C)C.C1CC2C(C(C1O2)C(=O)O)C(=O)O
O=C(O)CS(=O)(=O)CCO,58257560,168.17,-1.522,AAAA.txt,0.25,C(CCCCC(=O)O)CCCC(=O)O
O=C(O)[C@@H]1CNC[C@H]1O,14507986,131.131,-1.349,AAAA.txt,0.3,C1C=CCC(C1C(=O)N)C(=O)O
CNC(=O)[C@@H]1C[C@@H](O)CN1,20433810,144.174,-1.545,AAAA.txt,0.2,C1C2C(CC(C1O)O)C(=O)NC2=O
NC(=O)[C@@H]1Cc2[nH]cnc2CN1,34385468,166.184,-1.091,AAAA.txt,0.21428571428571427,C1C=CCC(C1C(=O)N)C(=O)O
O=C1CC(=O)N[C@H](C(=O)O)C1,38792187,157.125,-1.081,AAAA.txt,0.2702702702702703,CCC(=O)C1C(=O)CC(CC1=O)C(=O)O
O[C@H]1[C@@H](O)[C@@H](O)[C@H]2O[C@@H]2[C@@H]1O,100656568,162.141,-2.789,AAAA.txt,0.21875,C(C1[C@H]([C@H](C([C@H](O1)O[C@H]2[C@H](C([C@H](OC2CO)O)O)O)O)O)O)O
OCC1(CO)COCCO1,115633669,148.158,-1.243,AAAA.txt,0.23529411764705882,C1[C@H]([C@@H]([C@@H](C(O1)(CO)O)O)O)O
CNC(N)=C(C(=O)OC)C(=O)OC,436617,188.183,-1.278,AAAA.txt,0.2647058823529412,CNC(=O)CSP(=O)(OC)OC
CC(C)C[C@H](N)C(=O)NCC(N)=O,1605449,187.243,-1.039,AAAA.txt,0.28205128205128205,CC(C)N.C(C(=O)O)NCP(=O)(O)O
CO[C@H]1OC[C@H](O)[C@H](O)[C@H]1O,1041345,164.157,-1.928,AAAA.txt,0.2647058823529412,C1[C@H]([C@@H]([C@@H](C(O1)(CO)O)O)O)O
O=C(O)[C@H]1NCCN[C@H]1C(=O)O,23477006,174.156,-1.914,AAAA.txt,0.25,C1C=CCC(C1C(=O)N)C(=O)O
NC(=O)[C@@H]1NC(=O)NC1=O,1644968,143.102,-2.32,AAAA.txt,0.25806451612903225,C1C2C(CC(C1O)O)C(=O)NC2=O
OC[C@@H](O)CN1CC[C@@H](O)C1,115967671,161.201,-1.594,AAAA.txt,0.20512820512820512,CCCN(CC)CC(CO)O
NC(=O)[C@]1(N2CCNCC2)CCOC1,70992702,199.254,-1.464,AAAA.txt,0.18181818181818182,C1CN(C(=S)N1)C(=S)N
O=C1COC[C@H]2CNCCN12,35309299,156.185,-1.183,AAAA.txt,0.2,C1C[C@@H]2[C@H]3CCCN4[C@H]3[C@@H](CCC4)CN2C(=O)C1
O=P(O)(O)OC[C@H](O)CO,3830896,172.073,-1.551,AAAA.txt,0.2692307692307692,C(CP(=O)(O)O)O
N[C@@]12CO[C@@H](C1)[C@H](O)[C@H](O)C2,1775956739,159.185,-1.402,AAAA.txt,0.21052631578947367,C1[C@H]([C@@H]([C@@H](C(O1)(CO)O)O)O)O
NS(=O)(=O)C1CNC1,299805308,136.176,-1.753,AAAA.txt,0.25,[NH4+].NS(=O)(=O)[O-]
NC(=O)[C@@H]1CNCCN1,20268617,129.163,-1.967,AAAA.txt,0.24242424242424243,C1C=CCC(C1C(=O)N)C(=O)O
O=CN1CC(=O)NC(=O)C1,2278457,142.114,-1.899,AAAA.txt,0.2222222222222222,C1=CC=C2C(=C1)C(=O)NC2=O
OC[C@@H]1NC[C@@H]2CNC[C@@H]21,24255506,142.202,-1.214,AAAA.txt,0.14285714285714285,CC1CNC(=S)N1
CO[C@H](CN)CC(N)=O,215266087,132.163,-1.165,AAAA.txt,0.2916666666666667,C(C(=O)N)F
O=C1NC[C@H]2CNC[C@H]12,84325094,126.159,-1.048,AAAA.txt,0.27586206896551724,C1C=CCC2C1C(=O)NC2=O
N[C@@H]1CCS(=O)(=O)[C@H](C(=O)O)C1,257888545,193.224,-1.025,AAAA.txt,0.2571428571428571,C1C=CCC(C1C(=O)N)C(=O)O
CN(C1CNC1)S(C)(=O)=O,85257912,164.23,-1.15,AAAA.txt,0.24,CN(C)S(=O)(=O)N
COCCN1C(=O)[C@@H]2CNC[C@@H]2C1=O,211384306,198.222,-1.163,AAAA.txt,0.25,CCN1C(=O)C(=O)NC1=O
O=C1CNCCN1CCO,39433509,144.174,-1.59,AAAA.txt,0.275,CCCCCCCCN1CCCC1=O
O=C(O)CN1CCNS1(=O)=O,82655589,180.185,-1.779,AAAA.txt,0.24324324324324326,C1=NN(C=N1)CC(=O)O
O[C@H]1[C@H]2CNC[C@H](C2)[C@H]1O,1857778747,143.186,-1.053,AAAA.txt,0.2222222222222222,C1C2C(CC(C1O)O)C(=O)NC2=O
CN1CC(=O)N2C[C@@H](N)C[C@H]2C1=O,54956948,183.211,-1.613,AAAA.txt,0.25,CN1CCCC1=O
OC[C@H]1NC[C@@H](O)[C@@H]1O,1492250,133.147,-2.328,AAAA.txt,0.23529411764705882,C1[C@H]([C@@H]([C@@H](C(O1)(CO)O)O)O)O
O=C(O)CN[C@@H]1C=CS(=O)(=O)C1,4298575,191.208,-1.029,AAAA.txt,0.275,C(C(=O)O)NCP(=O)(O)[O-].C(C(=O)O)NCP(=O)([O-])[O-].[Na+].[Na+].[Na+]
Nc1ncn(CCO)n1,19088805,128.135,-1.147,AAAA.txt,0.2619047619047619,CC1=NC=C(N1CCO)[N+](=O)[O-]
NCCn1cc(CO)nn1,52221577,142.162,-1.271,AAAA.txt,0.20454545454545456,CN1C=C(C(=N1)C(F)(F)F)C(=O)N
C1NCC1NC1COC1,87194887,128.175,-1.053,AAAA.txt,0.17391304347826086,CC1CO1
O[C@H]1[C@H](O)[C@@H](O)[C@H]2O[C@H]2[C@@H]1O,17995199,162.141,-2.789,AAAA.txt,0.21875,C(C1[C@H]([C@H](C([C@H](O1)O[C@H]2[C@H](C([C@H](OC2CO)O)O)O)O)O)O)O
NC(=O)C[C@H]1CNCCO1,84435053,144.174,-1.15,AAAA.txt,0.23333333333333334,C(C(=O)N)F
O=[N+]([O-])OC[C@@H](CO)O[N+](=O)[O-],5178963,182.088,-1.236,AAAA.txt,0.23333333333333334,C(O)[P+](CO)(CO)CO.C(O)[P+](CO)(CO)CO.[O-]S(=O)(=O)[O-]
O=C(O)[C@@H]1NCC[C@@H]1O,2516853,131.131,-1.206,AAAA.txt,0.24242424242424243,C1CC(=C(C1O)C(=O)O)N
O=C1NC(=O)[C@H](C2CNC2)N1,82844000,155.157,-1.586,AAAA.txt,0.25806451612903225,C1C=CCC2C1C(=O)NC2=O
COC(=O)[C@H](N)CN,19366965,118.136,-1.555,AAAA.txt,0.25806451612903225,CCCCCCCCCC(=O)OC
OCC(CO)NCC1(O)CCC1,647515826,175.228,-1.156,AAAA.txt,0.16666666666666666,CC(CO)OC
OC[C@@H]1CNC[C@H]1CO,59270553,131.175,-1.193,AAAA.txt,0.18518518518518517,CC1CNC(=S)N1
NC[C@H]1CS(=O)(=O)CCO1,88613748,165.214,-1.241,AAAA.txt,0.1951219512195122,CC1=C(S(=O)(=O)CCO1)C(=O)N
NCC(CN)(CO)CO,1851479,134.179,-2.125,AAAA.txt,0.17647058823529413,C(CCCCN)CCCN
N[C@H](C(=O)O)C1CS(=O)(=O)C1,212800765,179.197,-1.557,AAAA.txt,0.24,C(C(=O)O)(Cl)Cl
C[C@@]1(C(N)=O)C[C@@H](O)CN1,104595945,144.174,-1.415,AAAA.txt,0.21052631578947367,CC(=C[C@@H]1[C@H](C1(C)C)C(=O)O)C
NC1([C@H]2NC(=O)NC2=O)CC1,213709699,155.157,-1.314,AAAA.txt,0.25806451612903225,C1C=CCC2C1C(=O)NC2=O
Cn1cc(N)c(=O)[nH]c1=O,1674640,141.13,-1.344,AAAA.txt,0.2571428571428571,C1=NNC(=O)C(=C1N)Cl
COC(=O)[C@@H]1C(=O)CNC1=O,6878967,157.125,-1.526,AAAA.txt,0.2564102564102564,CCC(=O)C1C(=O)CC(CC1=O)C(=O)O
CN(C)C(=O)N[C@@H]1CN[C@H](CO)C1,75876445,187.243,-1.02,AAAA.txt,0.23809523809523808,CN(C)C(=O)NC1=CC=CC=C1
OC1[C@@H](O)[C@H](O)C[C@@H](O)[C@@H]1O,4097493,164.157,-2.805,AAAA.txt,0.2608695652173913,C1C2C(CC(C1O)O)C(=O)NC2=O
CCOC(=O)[C@@H]1CNC[C@H](O)[C@@H]1O,1775956199,189.211,-1.509,AAAA.txt,0.21212121212121213,CCC(=O)[O-].CCC(=O)[O-].[Ca+2]
O=C(O)C(=O)COP(=O)(O)O,3869279,184.04,-1.251,AAAA.txt,0.2916666666666667,CP(=O)(C(=O)O)O
O=C1NC[C@H](C(=O)O)N1,2140998,130.103,-1.248,AAAA.txt,0.25925925925925924,C1CNC(=O)NC1
OC[C@]12CNC[C@@]1(CO)C2,708235823,143.186,-1.049,AAAA.txt,0.18181818181818182,C1[C@H]([C@@H]([C@@H](C(O1)(CO)O)O)O)O
NC[C@H](O)[C@H](O)[C@H](O)[C@@H](O)CO,145387731,181.188,-3.619,AAAA.txt,0.2,CC(CO)OC
C[C@H]1O[C@@H](O)[C@H](O)[C@@H](O)[C@@H]1O,2042981,164.157,-2.194,AAAA.txt,0.29411764705882354,C(C1[C@H]([C@H](C([C@H](O1)O[C@H]2[C@H](C([C@H](OC2CO)O)O)O)O)O)O)O
NCCc1cc(=O)[nH]c(=O)[nH]1,44397890,155.157,-1.436,AAAA.txt,0.2916666666666667,C1(=O)NC(=O)NC(=O)N1
NCCC[C@@H]1NC(=O)NC1=O,5479813,157.173,-1.067,AAAA.txt,0.23076923076923078,C(CCCCN)CCCN
NC(CO)(CO)CO,896695,121.136,-2.339,AAAA.txt,0.16666666666666666,CCOC1=CC=C(C=C1)C(C)(C)CO
O=C1C=C[C@@](O)([C@]2(O)C=CC(=O)O2)O1,71774180,198.13,-1.41,AAAA.txt,0.23076923076923078,C1=CC=C2C(=O)C=CC(=O)C2=C1
NS(=O)(=O)C[C@@H]1CCNC1,5134224,164.23,-1.116,AAAA.txt,0.18518518518518517,[NH4+].NS(=O)(=O)[O-]
NC(=O)[C@]1(O)CCCNC1,72417683,144.174,-1.414,AAAA.txt,0.20833333333333334,C(=O)(N)N
CS(=O)(=O)N1CC(C(=O)O)C1,43830503,179.197,-1.038,AAAA.txt,0.2857142857142857,CCC(=O)C1C(=O)CC(CC1=O)C(=O)O
NC(=O)[C@H]1[C@H](N)[C@H]2C=C[C@H]1O2,100163233,154.169,-1.248,AAAA.txt,0.23529411764705882,C1C=CCC(C1C(=O)N)C(=O)O
OC[C@@H]1CNC[C@H](CO)O1,211297219,147.174,-1.672,AAAA.txt,0.18421052631578946,C(C1[C@H]([C@H](C([C@H](O1)O[C@H]2[C@H](C([C@H](OC2CO)O)O)O)O)O)O)O
N[C@H]1[C@H](O)[C@@H](O)[C@H](O)[C@@H](O)[C@@H]1O,100065960,179.172,-3.868,AAAA.txt,0.16666666666666666,COC(=O)NC1C(C(C(OC1OC2C(OC(C(C2O)N)OC3C(OC(C(C3O)N)O)CO)CO)CO)OC4C(C(C(C(O4)CO)OC5C(C(C(C(O5)CO)OC6C(C(C(C(O6)CO)OC7C(C(C(C(O7)CO)OC8C(C(C(C(O8)CO)OC9C(C(C(C(O9)CO)O)O)N)O)N)O)N)O)N)O)N)O)N)O
C[C@@H](O)[C@H]1NC(=O)CNC1=O,14451352,158.157,-2.018,AAAA.txt,0.2647058823529412,C1C2C(CC(C1O)O)C(=O)NC2=O
CS(=O)(=O)CCCNN,63014624,152.219,-1.116,AAAA.txt,0.2,CS(=O)(=O)CNC(=O)C1=CC=CC=C1C(=O)O
NC[C@@H]1CC[C@@H](C(N)=O)O1,75093304,144.174,-1.022,AAAA.txt,0.2647058823529412,C1C=CCC(C1C(=O)N)C(=O)O
CNC(=O)[C@@H]1CC(=O)N(C2CNC2)C1,669371763,197.238,-1.447,AAAA.txt,0.21739130434782608,CCC(=O)C1C(=O)CC(CC1=O)C(=O)O
O[C@H]1CNC[C@H]1O,18284972,103.121,-1.689,AAAA.txt,0.2608695652173913,C1C2C(CC(C1O)O)C(=O)NC2=O
COC(=O)[C@H](O)CCN,78467877,133.147,-1.131,AAAA.txt,0.24242424242424243,CCCCCCCCCC(=O)OC
NC[C@H](O)[C@H](O)[C@@H](O)[C@@H](O)CO,16953620,181.188,-3.619,AAAA.txt,0.2,CC(CO)OC
OC[C@H]1CNC[C@H]1O,39073987,117.148,-1.441,AAAA.txt,0.20588235294117646,C1[C@H]([C@@H]([C@@H](C(O1)(CO)O)O)O)O
CN1CCO[C@@H](C(=O)O)C1=O,59480133,159.141,-1.072,AAAA.txt,0.2647058823529412,CN1CCCC1=O
NC(=O)c1c[nH]c(=O)cn1,5116994,139.114,-1.131,AAAA.txt,0.2647058823529412,C1=CC(=O)NC=C1C=O
NC(=O)[C@@H]1[C@H]2CNC[C@H]21,103523515,126.159,-1.063,AAAA.txt,0.26666666666666666,C1C=CCC(C1C(=O)N)C(=O)O
CN1C(=O)C[C@H](O)C1=O,4538115,129.115,-1.264,AAAA.txt,0.27586206896551724,CN1CCCC1=O
O=C1NC(=O)[C@@H](CO)N1,2572695,130.103,-1.813,AAAA.txt,0.26666666666666666,C1C2C(CC(C1O)O)C(=O)NC2=O
O[C@H]1C[C@@]2(CCNC2)OC[C@H]1O,1857778164,173.212,-1.139,AAAA.txt,0.2564102564102564,C1[C@H]([C@@H]([C@@H](C(O1)(CO)O)O)O)O
CN1CNC(=O)C12CNC2,39078817,141.174,-1.653,AAAA.txt,0.21212121212121213,CN1CCCC1=O
CC1(C)C(=O)NC(=O)N1CC(N)=O,68593266,185.183,-1.198,AAAA.txt,0.2727272727272727,CCN1C(=O)NC(=O)C1(C#N)NOC
COC(=O)[C@@H]1C[C@@H](O)[C@@H](O)C[C@@H]1N,1857780549,189.211,-1.382,AAAA.txt,0.25,CC1CC(CCC1C(=O)OC(C)(C)C)Cl
O=C1O[C@H]2C[C@@]1(O)C[C@H](O)[C@H]2O,100516304,174.152,-1.842,AAAA.txt,0.2727272727272727,C1C2C(CC(C1O)O)C(=O)NC2=O
CNC(=O)NC[C@@H]1COCCN1,234360768,173.216,-1.096,AAAA.txt,0.2641509433962264,CN=C(NCC1CCOC1)N[N+](=O)[O-]
NC[C@H]1CNCCO1,4343734,116.164,-1.067,AAAA.txt,0.15384615384615385,CC1CO1
O=c1[nH]c(O)nc2[nH]nnc12,18123155,153.101,-1.253,AAAA.txt,0.23684210526315788,C1=C(N=C(NC1=O)N)O
COC(=O)[C@@H]1CNC(=O)CN1C,222281892,172.184,-1.41,AAAA.txt,0.20634920634920634,CCC/C(=N\OCC=C)/C1=C(C(C(CC1=O)(C)C)C(=O)OC)O
CS(=O)(=O)NC[C@@H]1COCCN1,112952323,194.256,-1.476,AAAA.txt,0.22641509433962265,CN=C(NCC1CCOC1)N[N+](=O)[O-]
C[C@]1(C(=O)O)C[C@H](O)[C@H](O)CO1,218402946,176.168,-1.028,AAAA.txt,0.29545454545454547,CC1(OC[C@H]2[C@@H](O1)[C@H]3[C@@](O2)(OC(O3)(C)C)C(=O)O)C
O=C(O)[C@H]1C[S@](=O)CCN1,13387632,163.198,-1.209,AAAA.txt,0.19444444444444445,C1C=CCC(C1C(=O)N)C(=O)O
O=S1(=O)CCS(=O)(=O)O1,113194291,172.183,-1.324,AAAA.txt,0.1935483870967742,CC1=C(S(=O)(=O)CCO1)C(=O)N
O=C(O)[C@H]1O[C@H]1C(=O)O,1675960,132.071,-1.077,AAAA.txt,0.27586206896551724,CCN(C)C.C1CC2C(C(C1O2)C(=O)O)C(=O)O
CN1C(=O)C[C@@H](N)C1=O,100181391,128.131,-1.298,AAAA.txt,0.27586206896551724,CN1CCCC1=O
O[C@@H]1CNC[C@H]1n1ccnn1,82034468,154.173,-1.217,AAAA.txt,0.18032786885245902,C1C(N(/C(=N\[N+](=O)[O-])/N1)CC2=CC(=NC=C2)Cl)O
CS(=O)(=O)N1CCO[C@H](CN)C1,11887437,194.256,-1.395,AAAA.txt,0.18181818181818182,CCCCCCCCCCCCCN1CC(OC(C1)C)C
CNC[C@@H](O)CCO,82217764,119.164,-1.051,AAAA.txt,0.24,C[N+](C)(C)CCO.[Cl-]
OC[C@H]1C[C@@H](O)CN1,12362908,117.148,-1.299,AAAA.txt,0.1935483870967742,C1C2C(CC(C1O)O)C(=O)NC2=O
C1COC[C@@H](c2nnn[nH]2)N1,95128410,155.161,-1.139,AAAA.txt,0.14285714285714285,CN=C(NCC1CCOC1)N[N+](=O)[O-]
COCCn1nnnc1N,86456690,143.15,-1.098,AAAA.txt,0.2413793103448276,COCCO
C[C@@H](C(N)=O)N1CCNCC1,20362658,157.217,-1.235,AAAA.txt,0.21621621621621623,C1CN(C(=S)N1)C(=S)N
N[C@H]1CCCN(CCO)C1=O,70061514,158.201,-1.072,AAAA.txt,0.2619047619047619,CCCCCCCCN1CCCC1=O
O=S1(=O)CC[C@H](CO)N1,60107385,151.187,-1.33,AAAA.txt,0.18181818181818182,C1C2C(CC(C1O)O)C(=O)NC2=O
COC(=O)[C@@]1(O)CNC[C@@H]1O,1887596813,161.157,-2.145,AAAA.txt,0.20408163265306123,COC(=O)C1=C(C(=NC(=N1)C2CC2)N)Cl
N[C@H]1CCS(=O)(=O)NC1=O,950757349,164.186,-1.837,AAAA.txt,0.25,C1C2C(CC(C1O)O)C(=O)NC2=O
NCCCC[C@@H](N)C(=O)OCCN,5113186,189.259,-1.055,AAAA.txt,0.28,C(CCCCN)CCCN
O=C(O)[C@@H]1C[C@H]2O[C@H]1[C@H](O)[C@@H]2O,203713964,174.152,-1.42,AAAA.txt,0.2647058823529412,C1C=CCC(C1C(=O)N)C(=O)O
N[C@@H]1CN[C@H](CO)C1,72266180,116.164,-1.332,AAAA.txt,0.15151515151515152,C1C2C(CC(C1O)O)C(=O)NC2=O
C[C@@H](O)[C@H]1NC(=O)NC1=O,32627965,144.13,-1.425,AAAA.txt,0.2903225806451613,C1C2C(CC(C1O)O)C(=O)NC2=O
O=C1NC[C@H](O)CC12CNC2,642882242,156.185,-1.543,AAAA.txt,0.2647058823529412,C1C2C(CC(C1O)O)C(=O)NC2=O
O=C(O)Cc1cc(=O)[nH][nH]c1=O,1719011,170.124,-1.31,AAAA.txt,0.275,C1=CC=C2C(=C1)C(=C(C(=O)C2=O)CC(=O)O)O
C[C@H]1O[C@@H](O)[C@@H](O)C[C@@H]1O,6468484,148.158,-1.165,AAAA.txt,0.23809523809523808,CC1OC(OC(OC(O1)C)C)C
O=c1[nH]nc2n(c1=O)CCC2,1857779398,153.141,-1.122,AAAA.txt,0.2727272727272727,CN1CCCC1=O
OCc1nc([C@@H]2CNCCO2)n[nH]1,1887611093,184.199,-1.042,AAAA.txt,0.14893617021276595,CC(C)(C)C1=NNC(=O)NC1=O
NC(=O)N1CC(O)C1,62809456,116.12,-1.258,AAAA.txt,0.2777777777777778,C(=O)(N)N
CNC(=O)[C@H](N)CO,39259906,118.136,-1.948,AAAA.txt,0.28205128205128205,CC(C(=O)NC)SCCSP(=O)(OC)OC
N=c1c[n+](N2CCOCC2)[nH]o1,12466779,171.18,-1.657,AAAA.txt,0.24242424242424243,C1COCCN1CN2CCOCC2
O=S1(=O)CC[C@H]2CNCCN21,75119097,176.241,-1.006,AAAA.txt,0.16666666666666666,C1CCC(CC1)N2C(=O)C3=C(CCC3=O)NC2=O
C[C@@H]1O[C@@H](O)[C@@H](O)[C@H](O)[C@@H]1O,1532814,164.157,-2.194,AAAA.txt,0.29411764705882354,C(C1[C@H]([C@H](C([C@H](O1)O[C@H]2[C@H](C([C@H](OC2CO)O)O)O)O)O)O)O
NS(=O)(=O)C1(C(=O)O)CC1,116168536,165.17,-1.108,AAAA.txt,0.2727272727272727,C(=O)(N)N.OS(=O)(=O)O
O=C(O)[C@@H]1CC(=O)N(C2CNC2)C1,107130082,184.195,-1.109,AAAA.txt,0.3,CCC(=O)C1C(=O)CC(CC1=O)C(=O)O
O=S1(=O)CCNC1,86005528,121.161,-1.038,AAAA.txt,0.16666666666666666,C1CNC(=O)NC1
NCc1c[nH]c(=O)[nH]c1=O,20417224,141.13,-1.478,AAAA.txt,0.25,C1(=O)NC(=O)NC(=O)N1
N=C(N)N[C@@H](CCC(=O)O)C(=O)O,1529598,189.171,-1.213,AAAA.txt,0.296875,C1=CC(=CC=C1C(=O)N[C@@H](CCC(=O)O)C(=O)O)NCC2=CN=C3C(=N2)C(=O)NC(=N3)N
NN[C@H]1CCNC1,95616414,101.153,-1.188,AAAA.txt,0.1875,C1CC1NC2=NC(=NC(=N2)N)N
CC(=O)N[C@H](CC(N)=O)C(=O)O,135376,174.156,-1.549,AAAA.txt,0.25925925925925924,C[C@@H](C(=O)O)O
N=C(N)NCCCC(N)=O,1529587,144.178,-1.265,AAAA.txt,0.2916666666666667,C(C(=O)N)F
O=C1CNC[C@H]2COCCN12,203891032,156.185,-1.183,AAAA.txt,0.2,C1C[C@@H]2[C@H]3CCCN4[C@H]3[C@@H](CCC4)CN2C(=O)C1
NC[C@@]1(CO)COCCN1,536949735,146.19,-1.704,AAAA.txt,0.20588235294117646,CC1(COCN1)C
O[C@@H]1CNC[C@@H](O)C1,72231398,117.148,-1.299,AAAA.txt,0.24,C1C2C(CC(C1O)O)C(=O)NC2=O
COC(=O)[C@H]1CNC(=O)CN1C,222281835,172.184,-1.41,AAAA.txt,0.20634920634920634,CCC/C(=N\OCC=C)/C1=C(C(C(CC1=O)(C)C)C(=O)OC)O
O=C1NC(=O)C2(CC(CO)C2)N1,221290091,170.168,-1.033,AAAA.txt,0.22857142857142856,C1C2C(CC(C1O)O)C(=O)NC2=O
CN(C)CC(=O)N1CCNCC1,19685367,171.244,-1.02,AAAA.txt,0.225,CCN(C)C.C1CC2C(C(C1O2)C(=O)O)C(=O)O
Cn1c(=O)cc(N)[nH]c1=O,330400,141.13,-1.344,AAAA.txt,0.2571428571428571,C1=C(N=C(NC1=O)N)O
NCC1(CN)CNC1,88189465,115.18,-1.507,AAAA.txt,0.15789473684210525,C(CCCCN)CCCN
C[C@@H](N)C(=O)NCCC(N)=O,4762442,159.189,-1.675,AAAA.txt,0.2631578947368421,CC(C)N.C(C(=O)O)NCP(=O)(O)O
COC(=O)[C@@H](N)Cc1c[nH]c(=O)[nH]1,260897163,185.183,-1.254,AAAA.txt,0.23214285714285715,CC1=C(C(=CC=C1)C)N([C@H](C)C(=O)OC)C(=O)CC2=CC=CC=C2
CN[C@H]1COC[C@H]1O,37871895,117.148,-1.035,AAAA.txt,0.21739130434782608,CC1CO1
O=C(CO)CO,84397769,90.078,-1.46,AAAA.txt,0.25,C(=O)(N)N
N[C@H](CO)CC(=O)O,4181820,119.12,-1.219,AAAA.txt,0.2727272727272727,CC(C)N.C(C(=O)O)NCP(=O)(O)O
NC(=O)[C@]1(N)CCCNC1,86161448,143.19,-1.447,AAAA.txt,0.20833333333333334,C(=O)(N)N
CN1C(=O)NCC12CNC2,96904987,141.174,-1.017,AAAA.txt,0.22580645161290322,CN1CCCC1=O
COC1CN(S(N)(=O)=O)C1,95644793,166.202,-1.48,AAAA.txt,0.24,CN(C)S(=O)(=O)N
OCCOC1CNC1,118786489,117.148,-1.033,AAAA.txt,0.2916666666666667,COCCO
NC(=O)[C@H](N)[C@H]1CCS(=O)(=O)C1,83144850,192.24,-1.766,AAAA.txt,0.21428571428571427,CC1=C(S(=O)(=O)CCO1)C(=O)N
NC(=O)[C@H](N)[C@@H]1CCOC1,37870616,144.174,-1.165,AAAA.txt,0.22448979591836735,CN=C(NCC1CCOC1)N[N+](=O)[O-]
NS(=O)(=O)CC1CNC1,230490274,150.203,-1.506,AAAA.txt,0.21739130434782608,[NH4+].NS(=O)(=O)[O-]
OC1CNCCNC1,26896718,116.164,-1.46,AAAA.txt,0.19230769230769232,CC1CNC(=S)N1
NCc1nnc2ccc(=O)[nH]n12,212204682,165.156,-1.124,AAAA.txt,0.21052631578947367,C1=CC(=O)[N-]NC1=O.[K+]
NC(=O)NCCC[C@H](N)C(=O)O,1532614,175.188,-1.153,AAAA.txt,0.27586206896551724,C(=O)(N)NC(=O)O
NC(=O)N[C@H]1CCS(=O)(=O)C1,3399201,178.213,-1.158,AAAA.txt,0.25,C1CC(=C(C1O)C(=O)O)NC(=O)N
O=C(CO)CCO,40448698,104.105,-1.07,AAAA.txt,0.25,C(CCCCC(=O)O)CCCC(=O)O
